city,year,weekofyear,week_start_date,total_cases,T,P,H,V,T_lag1,P_lag1,P_lag2,P_lag3,sin_season,cos_season
iq,2000,29,2000-07-22,0,24.422619047850013,17.8,84.13559951586996,0.20691787499999997,25.521428571500017,46.81,58.105000000000004,14.205,0.0,1.0
iq,2000,30,2000-07-29,0,25.54285714300001,33.379999999999995,84.07693600979601,0.31654645000000003,24.422619047850013,17.8,46.81,58.105000000000004,0.12053668025532305,0.992708874098054
iq,2000,31,2000-08-05,0,25.237857143,13.87,70.86276409558052,0.22081785,25.54285714300001,33.379999999999995,17.8,46.81,0.23931566428755774,0.970941817426052
iq,2000,32,2000-08-12,0,26.422619047850013,81.135,78.25289995159793,0.35258212499999997,25.237857143,13.87,33.379999999999995,17.8,0.3546048870425356,0.9350162426854148
iq,2000,33,2000-08-19,0,26.384523809650005,46.09,77.4746199918593,0.37522582499999996,26.422619047850013,81.135,13.87,33.379999999999995,0.4647231720437685,0.8854560256532099
iq,2000,34,2000-08-26,0,26.660714285500017,69.21000000000001,70.77539889739117,0.35993569999999997,26.384523809650005,46.09,81.135,13.87,0.5680647467311558,0.8229838658936564
iq,2000,35,2000-09-02,0,27.447619047850004,65.825,69.02802731711824,0.32299285,26.660714285500017,69.21000000000001,46.09,81.135,0.6631226582407952,0.7485107481711011
iq,2000,36,2000-09-09,1,28.576190476350014,40.01,54.13569265051857,0.292352975,27.447619047850004,65.825,69.21000000000001,46.09,0.7485107481711011,0.6631226582407953
iq,2000,37,2000-09-16,0,27.823214285500022,26.759999999999998,67.29065451430542,0.32761365,28.576190476350014,40.01,65.825,69.21000000000001,0.8229838658936564,0.5680647467311559
iq,2000,38,2000-09-23,0,26.448809523650002,100.875,73.87485099523184,0.322986325,27.823214285500022,26.759999999999998,40.01,65.825,0.8854560256532099,0.4647231720437686
iq,2000,39,2000-09-30,0,27.44285714300001,76.895,67.26144900695306,0.17091725749999997,26.448809523650002,100.875,26.759999999999998,40.01,0.9350162426854148,0.35460488704253557
iq,2000,40,2000-10-07,0,27.025000000000013,54.61,76.43920712840044,0.28675822500000003,27.44285714300001,76.895,100.875,26.759999999999998,0.970941817426052,0.23931566428755804
iq,2000,41,2000-10-14,1,27.396428571549997,17.05,76.30490950710609,0.202041075,27.025000000000013,54.61,76.895,100.875,0.992708874098054,0.120536680255323
iq,2000,42,2000-10-21,1,27.8875,35.205,70.36805311710145,0.27881785000000003,27.396428571549997,17.05,54.61,76.895,1.0,-1.6081226496766366e-16
iq,2000,43,2000-10-28,0,27.975000000000023,53.575,72.60144825974677,0.3635075,27.8875,35.205,17.05,54.61,0.992708874098054,-0.12053668025532288
iq,2000,44,2000-11-04,0,27.63571428550002,37.37,75.62381562239491,0.272659175,27.975000000000023,53.575,35.205,17.05,0.9709418174260521,-0.2393156642875575
iq,2000,45,2000-11-11,0,28.416071428499997,32.665,71.3193540603325,0.25051252500000004,27.63571428550002,37.37,53.575,35.205,0.9350162426854148,-0.35460488704253545
iq,2000,46,2000-11-18,0,29.244642857000013,19.625,63.95513557030011,0.09886559,28.416071428499997,32.665,37.37,53.575,0.8854560256532099,-0.4647231720437685
iq,2000,47,2000-11-25,0,28.23214285700002,35.48563980911841,62.43173532279101,0.232795825,29.244642857000013,19.625,32.665,37.37,0.8229838658936565,-0.5680647467311557
iq,2000,48,2000-12-02,0,27.582142857,19.825,73.26600830188312,0.287096425,28.23214285700002,35.48563980911841,19.625,32.665,0.7485107481711013,-0.663122658240795
iq,2000,49,2000-12-09,0,27.939285714500016,12.665000000000001,65.71845160445801,0.19726607499999999,27.582142857,19.825,35.48563980911841,19.625,0.6631226582407952,-0.7485107481711012
iq,2000,50,2000-12-16,1,26.904761904850012,89.13,75.47106347742513,0.32591430000000005,27.939285714500016,12.665000000000001,19.825,35.48563980911841,0.5680647467311558,-0.8229838658936564
iq,2000,51,2000-12-23,0,28.525000000000013,1.95,56.203765740051075,0.24279525,26.904761904850012,89.13,12.665000000000001,19.825,0.46472317204376906,-0.8854560256532096
iq,2001,1,2001-01-01,0,26.584523809650022,49.004999999999995,91.86227590852212,0.25520715,28.525000000000013,1.95,89.13,12.665000000000001,0.35460488704253584,-0.9350162426854147
iq,2001,2,2001-01-08,0,26.63214285700002,64.875,78.0256543543563,0.261770825,26.584523809650022,49.004999999999995,1.95,89.13,0.23931566428755768,-0.970941817426052
iq,2001,3,2001-01-15,0,27.06785714300002,100.855,78.77162975392064,0.178261325,26.63214285700002,64.875,49.004999999999995,1.95,0.12053668025532308,-0.992708874098054
iq,2001,4,2001-01-22,0,24.61904761885,108.46000000000001,91.10028445999748,0.19654167500000003,27.06785714300002,100.855,64.875,49.004999999999995,-3.216245299353273e-16,-1.0
iq,2001,5,2001-01-29,0,24.691666666650022,117.49000000000001,92.81500677786583,0.32515594999999997,24.61904761885,108.46000000000001,100.855,64.875,-0.12053668025532283,-0.992708874098054
iq,2001,6,2001-02-05,0,25.1642857145,17.615,86.87761227258156,0.20447500000000002,24.691666666650022,117.49000000000001,108.46000000000001,100.855,-0.23931566428755743,-0.9709418174260521
iq,2001,7,2001-02-12,0,24.8214285715,74.97,91.56816475366361,0.1490149,25.1642857145,17.615,117.49000000000001,108.46000000000001,-0.3546048870425356,-0.9350162426854148
iq,2001,8,2001-02-19,0,25.38095238115001,27.135,90.0463931304462,0.13286785,24.8214285715,74.97,17.615,117.49000000000001,-0.46472317204376806,-0.8854560256532101
iq,2001,9,2001-02-26,0,25.8585714285,34.120000000000005,89.57611170556167,0.26291000000000003,25.38095238115001,27.135,74.97,17.615,-0.5680647467311556,-0.8229838658936566
iq,2001,10,2001-03-05,0,26.371428571500026,102.585,90.78897960048542,0.22106072499999999,25.8585714285,34.120000000000005,27.135,74.97,-0.663122658240795,-0.7485107481711013
iq,2001,11,2001-03-12,0,26.014285714499998,57.120000000000005,89.84197304701647,0.19819225,26.371428571500026,102.585,34.120000000000005,27.135,-0.7485107481711011,-0.6631226582407952
iq,2001,12,2001-03-19,0,27.01666666665001,80.57499999999999,79.36850226916634,0.2077655,26.014285714499998,57.120000000000005,102.585,34.120000000000005,-0.8229838658936564,-0.5680647467311559
iq,2001,13,2001-03-26,0,25.75000000000002,87.03,93.58540450246065,0.135027735,27.01666666665001,80.57499999999999,57.120000000000005,102.585,-0.8854560256532096,-0.4647231720437691
iq,2001,14,2001-04-02,0,25.91928571450002,66.33,92.33947966228342,0.2750893,25.75000000000002,87.03,80.57499999999999,57.120000000000005,-0.9350162426854147,-0.3546048870425359
iq,2001,15,2001-04-09,0,25.805000000000017,100.46,91.19348719103851,0.3684714,25.91928571450002,66.33,87.03,80.57499999999999,-0.970941817426052,-0.23931566428755774
iq,2001,16,2001-04-16,1,26.17,61.515,91.20868687469235,0.316092875,25.805000000000017,100.46,66.33,87.03,-0.992708874098054,-0.12053668025532357
iq,2001,17,2001-04-23,0,26.845238095150016,46.455000000000005,83.93215015906496,0.24065715000000001,26.17,61.515,100.46,66.33,-1.0,-1.8369701987210297e-16
iq,2001,18,2001-04-30,0,26.5625,72.88499999999999,88.07983191045946,0.2521,26.845238095150016,46.455000000000005,61.515,100.46,-0.992708874098054,0.1205366802553232
iq,2001,19,2001-05-07,0,25.825000000000006,55.78,92.60944020342896,0.219646425,26.5625,72.88499999999999,46.455000000000005,61.515,-0.9709418174260521,0.23931566428755738
iq,2001,20,2001-05-14,0,25.970038542363355,37.04,95.38074953035505,0.30029465,25.825000000000006,55.78,72.88499999999999,46.455000000000005,-0.9350162426854148,0.35460488704253557
iq,2001,21,2001-05-21,1,26.120238095150015,67.455,91.33897688108101,0.28275597500000005,25.970038542363355,37.04,55.78,72.88499999999999,-0.8854560256532101,0.464723172043768
iq,2001,22,2001-05-28,1,26.05000000000001,61.035,87.91130829682751,0.32726075,26.120238095150015,67.455,37.04,55.78,-0.822983865893657,0.5680647467311548
iq,2001,23,2001-06-04,0,25.804761904850018,71.72999999999999,85.36486416155708,0.26154525,26.05000000000001,61.035,67.455,37.04,-0.7485107481711011,0.6631226582407952
iq,2001,24,2001-06-11,0,25.082857143000012,42.115,91.02408137776612,0.263316075,25.804761904850018,71.72999999999999,61.035,67.455,-0.6631226582407955,0.7485107481711007
iq,2001,25,2001-06-18,1,25.285714285500017,31.915,84.07134741226838,0.096439285,25.082857143000012,42.115,71.72999999999999,61.035,-0.5680647467311559,0.8229838658936564
iq,2001,26,2001-06-25,0,24.456452237333032,16.11,75.40388525942683,0.277364275,25.285714285500017,31.915,42.115,71.72999999999999,-0.4647231720437684,0.88545602565321
iq,2001,27,2001-07-02,0,25.200000000000017,61.099999999999994,80.88307379038038,0.23374820000000002,24.456452237333032,16.11,31.915,42.115,-0.35460488704253595,0.9350162426854147
iq,2001,28,2001-07-09,0,25.610714285500013,30.695,84.35326667428502,0.3436506,25.200000000000017,61.099999999999994,16.11,31.915,-0.2393156642875578,0.970941817426052
iq,2001,29,2001-07-16,0,26.272619047850007,44.425,79.51755571050123,0.27024047500000004,25.610714285500013,30.695,61.099999999999994,16.11,-0.12053668025532363,0.992708874098054
iq,2001,30,2001-07-23,0,26.219047618850006,39.86,86.55611527378264,0.271994025,26.272619047850007,44.425,30.695,61.099999999999994,6.432490598706546e-16,1.0
iq,2001,31,2001-07-30,0,26.274285714500003,19.435,76.48352221997612,0.18873692500000003,26.219047618850006,39.86,44.425,30.695,0.12053668025532314,0.992708874098054
iq,2001,32,2001-08-06,0,27.04285714300001,1.827957717570764,62.72783629170658,0.21662142499999998,26.274285714500003,19.435,39.86,44.425,0.23931566428755732,0.9709418174260521
iq,2001,33,2001-08-13,0,26.880357142999998,11.57,65.9659906205406,0.297010675,27.04285714300001,1.827957717570764,19.435,39.86,0.3546048870425355,0.9350162426854148
iq,2001,34,2001-08-20,0,27.13214285700001,28.935,74.46800995990748,0.22178215,26.880357142999998,11.57,1.827957717570764,19.435,0.46472317204376795,0.8854560256532102
iq,2001,35,2001-08-27,0,27.282142857000004,39.29,71.7286675017333,0.231460725,27.13214285700001,28.935,11.57,1.827957717570764,0.5680647467311555,0.8229838658936566
iq,2001,36,2001-09-03,0,27.373214285500012,39.775000000000006,76.72647887487958,0.269448225,27.282142857000004,39.29,28.935,11.57,0.6631226582407952,0.7485107481711011
iq,2001,37,2001-09-10,0,27.173214285500023,39.05,74.34662226144276,0.3215357,27.373214285500012,39.775000000000006,39.29,28.935,0.7485107481711007,0.6631226582407956
iq,2001,38,2001-09-17,0,26.8982142855,67.7,79.42504553671661,0.35225,27.173214285500023,39.05,39.775000000000006,39.29,0.8229838658936558,0.5680647467311567
iq,2001,39,2001-09-24,0,27.50357142850001,19.84,73.33768352997458,0.332114275,26.8982142855,67.7,39.05,39.775000000000006,0.8854560256532099,0.46472317204376845
iq,2001,40,2001-10-01,0,27.928571428500014,38.81,74.2164679363325,0.322939275,27.50357142850001,19.84,67.7,39.05,0.9350162426854147,0.354604887042536
iq,2001,41,2001-10-08,0,27.830357142999997,44.825,71.09016590362361,0.448014875,27.928571428500014,38.81,19.84,67.7,0.970941817426052,0.23931566428755785
iq,2001,42,2001-10-15,0,28.341666666650006,118.445,67.14372877315336,0.33371785,27.830357142999997,44.825,38.81,19.84,0.9927088740980539,0.12053668025532369
iq,2001,43,2001-10-22,0,27.49404761885002,83.125,85.81371423920032,0.18845535,28.341666666650006,118.445,44.825,38.81,1.0,3.061616997868383e-16
iq,2001,44,2001-10-29,0,26.99857142850002,79.765,81.65218640947441,0.214266675,27.49404761885002,83.125,118.445,44.825,0.992708874098054,-0.12053668025532309
iq,2001,45,2001-11-05,0,27.06250000000001,34.82,84.942131581512,0.3287143,26.99857142850002,79.765,83.125,118.445,0.9709418174260519,-0.23931566428755813
iq,2001,46,2001-11-12,0,27.93428571450002,52.86,82.26638715410313,0.270475,27.06250000000001,34.82,79.765,83.125,0.9350162426854148,-0.35460488704253545
iq,2001,47,2001-11-19,1,27.455357143000022,48.445,84.47257305760935,0.36058275,27.93428571450002,52.86,34.82,79.765,0.8854560256532102,-0.4647231720437679
iq,2001,48,2001-11-26,1,27.359523809650007,29.83,83.46489872486924,0.33457202500000005,27.455357143000022,48.445,52.86,34.82,0.8229838658936571,-0.5680647467311547
iq,2001,49,2001-12-03,1,27.748214285500005,34.980000000000004,82.44706679061949,0.30031425,27.359523809650007,29.83,48.445,52.86,0.7485107481711012,-0.6631226582407952
iq,2001,50,2001-12-10,2,27.141428571500015,106.61,92.20998408053507,0.295945225,27.748214285500005,34.980000000000004,29.83,48.445,0.6631226582407956,-0.7485107481711006
iq,2001,51,2001-12-17,4,26.801785714500006,50.925,90.14793058615858,0.2109893,27.141428571500015,106.61,34.980000000000004,29.83,0.5680647467311568,-0.8229838658936557
iq,2001,52,2001-12-24,1,26.775000000000023,62.91,92.99682223573765,0.3166889,26.801785714500006,50.925,106.61,34.980000000000004,0.4647231720437685,-0.8854560256532099
iq,2002,1,2002-01-01,4,26.335714285500025,57.73,92.13245395374634,0.37569645,26.775000000000023,62.91,50.925,106.61,0.35460488704253607,-0.9350162426854146
iq,2002,2,2002-01-08,11,28.544047618850012,35.945,72.5174559500047,0.374275,26.335714285500025,57.73,62.91,50.925,0.23931566428755877,-0.9709418174260518
iq,2002,3,2002-01-15,16,28.27857142850001,13.885,71.90265487384383,0.2156018,28.544047618850012,35.945,57.73,62.91,0.12053668025532287,-0.992708874098054
iq,2002,4,2002-01-22,23,27.334285714499998,69.535,78.33679354757885,0.1266393,28.27857142850001,13.885,35.945,57.73,3.6739403974420594e-16,-1.0
iq,2002,5,2002-01-29,12,25.525,89.8,93.10482763717297,0.09921527686232604,27.334285714499998,69.535,13.885,35.945,-0.12053668025532391,-0.9927088740980539
iq,2002,6,2002-02-05,14,25.083928571500024,37.540000000000006,94.08247241859286,0.17785420000000002,25.525,89.8,69.535,13.885,-0.23931566428755807,-0.9709418174260519
iq,2002,7,2002-02-12,18,26.996428571500008,83.58500000000001,89.14945214884253,0.298621425,25.083928571500024,37.540000000000006,89.8,69.535,-0.3546048870425354,-0.9350162426854149
iq,2002,8,2002-02-19,8,26.44571428550001,25.73,88.05784227755456,0.11808689,26.996428571500008,83.58500000000001,37.540000000000006,89.8,-0.46472317204376784,-0.8854560256532102
iq,2002,9,2002-02-26,7,25.871428571500026,63.870000000000005,93.78975904725675,0.1488178725,26.44571428550001,25.73,83.58500000000001,37.540000000000006,-0.5680647467311561,-0.8229838658936561
iq,2002,10,2002-03-05,10,27.328571428500016,70.57,86.79226562158657,0.2843375,25.871428571500026,63.870000000000005,25.73,83.58500000000001,-0.6631226582407951,-0.7485107481711012
iq,2002,11,2002-03-12,7,26.975,25.53,84.49129444734069,0.249233325,27.328571428500016,70.57,63.870000000000005,25.73,-0.7485107481711006,-0.6631226582407957
iq,2002,12,2002-03-19,10,26.521428571500003,68.99,90.32579755344375,0.23715832499999998,26.975,25.53,70.57,63.870000000000005,-0.8229838658936557,-0.5680647467311568
iq,2002,13,2002-03-26,5,25.082142857000026,79.71000000000001,96.00405781326128,0.2286232,26.521428571500003,68.99,25.53,70.57,-0.885456025653209,-0.4647231720437701
iq,2002,14,2002-04-02,11,26.107142857000007,57.05500000000001,95.07536568699155,0.23753429999999998,25.082142857000026,79.71000000000001,68.99,25.53,-0.9350162426854141,-0.3546048870425378
iq,2002,15,2002-04-09,8,25.425000000000004,44.49,94.72795302561545,0.23387857499999998,26.107142857000007,57.05500000000001,79.71000000000001,68.99,-0.9709418174260522,-0.2393156642875571
iq,2002,16,2002-04-16,18,26.485714285500002,72.48807971392424,89.07190352109197,0.21634465,25.425000000000004,44.49,57.05500000000001,79.71000000000001,-0.992708874098054,-0.12053668025532294
iq,2002,17,2002-04-23,13,26.46547619035001,49.745000000000005,91.50570382318105,0.26117144999999997,26.485714285500002,72.48807971392424,44.49,57.05500000000001,-1.0,-4.286263797015736e-16
iq,2002,18,2002-04-30,9,26.47716879166972,30.525,90.41051556280678,0.191746425,26.46547619035001,49.745000000000005,72.48807971392424,44.49,-0.9927088740980541,0.12053668025532208
iq,2002,19,2002-05-07,22,26.392857143000015,63.349999999999994,91.98412657018588,0.19824999999999998,26.47716879166972,30.525,49.745000000000005,72.48807971392424,-0.9709418174260523,0.23931566428755627
iq,2002,20,2002-05-14,10,25.651190476350003,295.04499999999996,94.68023600437175,0.1511869,26.392857143000015,63.349999999999994,30.525,49.745000000000005,-0.9350162426854149,0.35460488704253534
iq,2002,21,2002-05-21,5,26.585714285500025,30.175,90.18818569660536,0.20570357500000003,25.651190476350003,295.04499999999996,63.349999999999994,30.525,-0.8854560256532104,0.4647231720437678
iq,2002,22,2002-05-28,13,25.944642857000026,94.11999999999999,90.08626227235061,0.19453927499999998,26.585714285500025,30.175,295.04499999999996,63.349999999999994,-0.8229838658936562,0.5680647467311561
iq,2002,23,2002-06-04,2,25.617857143000002,50.38,91.87694904627071,0.29486785000000004,25.944642857000026,94.11999999999999,30.175,295.04499999999996,-0.7485107481711012,0.6631226582407951
iq,2002,24,2002-06-11,11,26.810714285500005,35.31,89.18960071856641,0.341360725,25.617857143000002,50.38,94.11999999999999,30.175,-0.6631226582407957,0.7485107481711006
iq,2002,25,2002-06-18,11,25.29880952365,35.08,82.94466915682337,0.20799285,26.810714285500005,35.31,50.38,94.11999999999999,-0.5680647467311554,0.8229838658936567
iq,2002,26,2002-06-25,3,24.95357142850001,5.14,78.43487270221594,0.20104285,25.29880952365,35.08,35.31,50.38,-0.4647231720437686,0.8854560256532099
iq,2002,27,2002-07-02,7,24.008928571500018,4.185,84.06643309584592,0.10593571499999999,24.95357142850001,5.14,35.08,35.31,-0.3546048870425362,0.9350162426854146
iq,2002,28,2002-07-09,7,25.00952380965,16.005,81.79767815054915,0.20381095,24.008928571500018,4.185,5.14,35.08,-0.2393156642875589,0.9709418174260518
iq,2002,29,2002-07-16,4,24.9964285715,31.5,80.56032155924188,0.1025571525,25.00952380965,16.005,4.185,5.14,-0.12053668025532475,0.9927088740980538
iq,2002,30,2002-07-23,5,26.475000000000016,66.82499999999999,78.94387284577512,0.270264275,24.9964285715,31.5,16.005,4.185,1.2864981197413093e-15,1.0
iq,2002,31,2002-07-30,6,26.139285714500012,62.765,82.55723212500858,0.31987855,26.475000000000016,66.82499999999999,31.5,16.005,0.12053668025532378,0.9927088740980539
iq,2002,32,2002-08-06,7,26.37142857150002,7.17,75.02775997716516,0.30706490000000003,26.139285714500012,62.765,66.82499999999999,31.5,0.23931566428755793,0.970941817426052
iq,2002,33,2002-08-13,7,27.009523809650005,8.455,65.91258065597974,0.333075,26.37142857150002,7.17,62.765,66.82499999999999,0.3546048870425353,0.9350162426854149
iq,2002,34,2002-08-20,4,25.657174330928203,51.155,79.53198052947785,0.315820425,27.009523809650005,8.455,7.17,62.765,0.46472317204376773,0.8854560256532104
iq,2002,35,2002-08-27,9,27.11785714300002,31.45,73.49686621977413,0.286828575,25.657174330928203,51.155,8.455,7.17,0.5680647467311546,0.8229838658936572
iq,2002,36,2002-09-03,17,27.464285714500004,49.425,73.14557587017421,0.20033212499999997,27.11785714300002,31.45,51.155,8.455,0.663122658240795,0.7485107481711013
iq,2002,37,2002-09-10,8,27.645238095150013,57.63,69.36750376396617,0.278971425,27.464285714500004,49.425,31.45,51.155,0.7485107481711005,0.6631226582407957
iq,2002,38,2002-09-17,22,28.396428571500007,6.1450000000000005,61.80429962790801,0.34930355,27.645238095150013,57.63,49.425,31.45,0.8229838658936556,0.5680647467311569
iq,2002,39,2002-09-24,18,27.932142857000013,62.730000000000004,73.27453477962132,0.28364227500000005,28.396428571500007,6.1450000000000005,57.63,49.425,0.8854560256532098,0.4647231720437687
iq,2002,40,2002-10-01,21,28.642857143000022,72.59,69.17781741450412,0.259973825,27.932142857000013,62.730000000000004,6.1450000000000005,57.63,0.9350162426854146,0.35460488704253623
iq,2002,41,2002-10-08,16,27.73750000000002,75.00999999999999,79.92239408383652,0.3103238,28.642857143000022,72.59,62.730000000000004,6.1450000000000005,0.9709418174260521,0.23931566428755724
iq,2002,42,2002-10-15,31,27.282142857000025,13.23,82.55280706252533,0.2110893,27.73750000000002,75.00999999999999,72.59,62.730000000000004,0.992708874098054,0.12053668025532305
iq,2002,43,2002-10-22,25,26.475,108.37,85.10748445925168,0.2412607,27.282142857000025,13.23,75.00999999999999,72.59,1.0,5.51091059616309e-16
iq,2002,44,2002-10-29,28,27.664306820121926,61.935,86.96231005969776,0.30632142500000004,26.475,108.37,13.23,75.00999999999999,0.9927088740980541,-0.12053668025532197
iq,2002,45,2002-11-05,26,26.90357142850001,79.685,91.94935588335892,0.3090768,27.664306820121926,61.935,108.37,13.23,0.9709418174260525,-0.23931566428755616
iq,2002,46,2002-11-12,18,26.235714285500013,151.98,93.17430390891661,0.20263332499999998,26.90357142850001,79.685,61.935,108.37,0.9350162426854156,-0.35460488704253357
iq,2002,47,2002-11-19,27,26.514285714500023,69.345,92.66097262124669,0.2609119,26.235714285500013,151.98,79.685,61.935,0.8854560256532096,-0.46472317204376923
iq,2002,48,2002-11-26,11,27.42142857150002,38.675,88.97728841227803,0.2858036,26.514285714500023,69.345,151.98,79.685,0.8229838658936562,-0.568064746731156
iq,2002,49,2002-12-03,38,27.50357142850001,47.845,86.71227271382597,0.311721425,27.42142857150002,38.675,69.345,151.98,0.7485107481711013,-0.663122658240795
iq,2002,50,2002-12-10,29,26.725000000000005,46.11,89.20571964825055,0.22105,27.50357142850001,47.845,38.675,69.345,0.6631226582407959,-0.7485107481711005
iq,2002,51,2002-12-17,21,26.9435714285,24.865000000000002,90.16453510693336,0.22947145,26.725000000000005,46.11,47.845,38.675,0.5680647467311569,-0.8229838658936556
iq,2002,52,2002-12-24,11,26.9982142855,144.815,89.66181344068056,0.154303575,26.9435714285,24.865000000000002,46.11,47.845,0.46472317204376873,-0.8854560256532098
iq,2003,1,2003-01-01,10,28.06071428550002,69.905,79.26690490655032,0.317860725,26.9982142855,144.815,24.865000000000002,46.11,0.3546048870425363,-0.9350162426854146
iq,2003,2,2003-01-08,5,27.47738095215,23.435000000000002,86.99300290363473,0.443867875,28.06071428550002,69.905,144.815,24.865000000000002,0.23931566428755902,-0.9709418174260517
iq,2003,3,2003-01-15,6,26.732142857000014,112.43,89.6738098729343,0.266323825,27.47738095215,23.435000000000002,69.905,144.815,0.12053668025532488,-0.9927088740980538
iq,2003,4,2003-01-22,2,27.407142857000007,75.57499999999999,80.25283394700023,0.245414275,26.732142857000014,112.43,23.435000000000002,69.905,6.123233995736766e-16,-1.0
iq,2003,5,2003-01-29,1,27.846428571500002,21.474999999999998,71.82908175688425,0.17037144999999998,27.407142857000007,75.57499999999999,112.43,23.435000000000002,-0.12053668025532366,-0.992708874098054
iq,2003,6,2003-02-05,2,25.925,49.129999999999995,91.14243227290868,0.14284821749999999,27.846428571500002,21.474999999999998,75.57499999999999,112.43,-0.23931566428755782,-0.970941817426052
iq,2003,7,2003-02-12,2,25.6357142855,63.265,91.0917679964326,0.270178575,25.925,49.129999999999995,21.474999999999998,75.57499999999999,-0.3546048870425352,-0.9350162426854149
iq,2003,8,2003-02-19,3,27.735420169978212,73.465,85.07780940687272,0.1247857,25.6357142855,63.265,49.129999999999995,21.474999999999998,-0.4647231720437692,-0.8854560256532096
iq,2003,9,2003-02-26,5,28.382142857,66.1,82.174868454218,0.24266664999999998,27.735420169978212,73.465,63.265,49.129999999999995,-0.5680647467311545,-0.8229838658936572
iq,2003,10,2003-03-05,1,26.84642857150002,34.355000000000004,88.12932658719248,0.181921425,28.382142857,66.1,73.465,63.265,-0.663122658240795,-0.7485107481711013
iq,2003,11,2003-03-12,4,25.59285714300001,73.185,93.23484242430106,0.1782143,26.84642857150002,34.355000000000004,66.1,73.465,-0.7485107481711016,-0.6631226582407945
iq,2003,12,2003-03-19,2,26.8107142855,85.47,89.7792154782974,0.22676069999999998,25.59285714300001,73.185,34.355000000000004,66.1,-0.8229838658936556,-0.568064746731157
iq,2003,13,2003-03-26,4,29.021428571500017,84.755,86.22947533245436,0.187439275,26.8107142855,85.47,73.185,34.355000000000004,-0.8854560256532098,-0.4647231720437688
iq,2003,14,2003-04-02,0,27.37642857150002,82.19,88.31738793008259,0.251539275,29.021428571500017,84.755,85.47,73.185,-0.935016242685414,-0.354604887042538
iq,2003,15,2003-04-09,0,26.998214285500005,78.795,93.55129129604052,0.1978393,27.37642857150002,82.19,84.755,85.47,-0.9709418174260517,-0.23931566428755907
iq,2003,16,2003-04-16,0,26.04571428550001,50.07,93.58959250152382,0.23676787500000002,26.998214285500005,78.795,82.19,84.755,-0.992708874098054,-0.12053668025532317
iq,2003,17,2003-04-23,0,27.264285714500012,80.12,88.13235863678426,0.288735725,26.04571428550001,50.07,78.795,82.19,-1.0,1.1028010998692062e-15
iq,2003,18,2003-04-30,1,25.817857143000005,85.665,94.52651257303359,0.35260715,27.264285714500012,80.12,50.07,78.795,-0.9927088740980542,0.12053668025532184
iq,2003,19,2003-05-07,1,26.582142857000026,103.525,91.70858987966015,0.170173825,25.817857143000005,85.665,80.12,50.07,-0.970941817426052,0.23931566428755777
iq,2003,20,2003-05-14,1,24.5464285715,165.18,97.04439716673468,0.24011785,26.582142857000026,103.525,85.665,80.12,-0.9350162426854156,0.35460488704253346
iq,2003,21,2003-05-21,1,25.576190476350003,84.75,92.75844103985463,0.1778125,24.5464285715,165.18,103.525,85.665,-0.8854560256532104,0.46472317204376756
iq,2003,22,2003-05-28,1,26.760714285500008,177.21,88.2790116435054,0.23700715,25.576190476350003,84.75,165.18,103.525,-0.8229838658936564,0.5680647467311559
iq,2003,23,2003-06-04,2,25.903571428500022,71.175,94.13798599029725,0.18949642500000002,26.760714285500008,177.21,84.75,165.18,-0.7485107481711025,0.6631226582407935
iq,2003,24,2003-06-11,3,26.1785714285,102.86,93.27819210534402,0.30358510000000005,25.903571428500022,71.175,177.21,84.75,-0.663122658240796,0.7485107481711004
iq,2003,25,2003-06-18,4,25.56607142850002,43.775,87.24287387558917,0.30656785,26.1785714285,102.86,71.175,177.21,-0.5680647467311556,0.8229838658936566
iq,2003,26,2003-06-25,6,25.078571428500005,91.19,92.56229820686764,0.1967738,25.56607142850002,43.775,102.86,71.175,-0.4647231720437704,0.8854560256532089
iq,2003,27,2003-07-02,2,24.35476190485,70.195,91.43701920402623,0.250442875,25.078571428500005,91.19,43.775,102.86,-0.35460488704253645,0.9350162426854145
iq,2003,28,2003-07-09,2,26.1160714285,27.54,82.22112161508984,0.16461784999999998,24.35476190485,70.195,91.19,43.775,-0.2393156642875574,0.9709418174260521
iq,2003,29,2003-07-16,5,26.34404761885,44.5,80.79955160752931,0.188244625,26.1160714285,27.54,70.195,91.19,-0.120536680255325,0.9927088740980538
iq,2003,30,2003-07-23,1,25.679761904850007,6.2700000000000005,73.15441938684307,0.25359285,26.34404761885,44.5,27.54,70.195,-7.347880794884119e-16,1.0
iq,2003,31,2003-07-30,1,26.216071428500005,46.87,77.66110420523663,0.18928572500000002,25.679761904850007,6.2700000000000005,44.5,27.54,0.12053668025532001,0.9927088740980544
iq,2003,32,2003-08-06,0,26.625000000000018,103.14,74.7316252849347,0.21718214999999996,26.216071428500005,46.87,6.2700000000000005,44.5,0.23931566428755943,0.9709418174260516
iq,2003,33,2003-08-13,0,26.26071428550001,65.735,80.85421295401525,0.228942875,26.625000000000018,103.14,46.87,6.2700000000000005,0.35460488704253507,0.935016242685415
iq,2003,34,2003-08-20,0,26.728571428500004,31.840000000000003,77.15266360484287,0.382467275,26.26071428550001,65.735,103.14,46.87,0.46472317204376906,0.8854560256532096
iq,2003,35,2003-08-27,0,27.2607142855,62.605000000000004,80.48831720744376,0.24445357499999998,26.728571428500004,31.840000000000003,65.735,103.14,0.5680647467311544,0.8229838658936574
iq,2003,36,2003-09-03,2,25.971428571500024,4.82,67.1134393163647,0.276046425,27.2607142855,62.605000000000004,31.840000000000003,65.735,0.6631226582407949,0.7485107481711014
iq,2003,37,2003-09-10,0,27.438095238150026,44.760000000000005,72.57306359394204,0.2228857,25.971428571500024,4.82,62.605000000000004,31.840000000000003,0.7485107481710992,0.6631226582407973
iq,2003,38,2003-09-17,3,26.178571428500014,74.015,81.67689280404522,0.3317714,27.438095238150026,44.760000000000005,4.82,62.605000000000004,0.8229838658936555,0.5680647467311571
iq,2003,39,2003-09-24,0,27.088095238150007,63.875,84.46569878782054,0.368854175,26.178571428500014,74.015,44.760000000000005,4.82,0.885456025653208,0.464723172043772
iq,2003,40,2003-10-01,0,28.062500000000007,54.55,79.24632117001323,0.237953575,27.088095238150007,63.875,74.015,44.760000000000005,0.9350162426854152,0.35460488704253484
iq,2003,41,2003-10-08,0,26.96785714300001,88.25,86.48615710922364,0.20827439999999997,28.062500000000007,54.55,63.875,74.015,0.9709418174260526,0.23931566428755574
iq,2003,42,2003-10-15,2,27.25000000000002,40.08,86.59153857770778,0.26674644999999997,26.96785714300001,88.25,54.55,63.875,0.992708874098054,0.1205366802553233
iq,2003,43,2003-10-22,2,27.751785714500006,35.81,82.0454486764255,0.427975025,27.25000000000002,40.08,88.25,54.55,1.0,-9.803364199544708e-16
iq,2003,44,2003-10-29,3,28.21309523815001,44.435,74.80357410360561,0.12565355,27.751785714500006,35.81,40.08,88.25,0.9927088740980542,-0.12053668025532172
iq,2003,45,2003-11-05,3,27.203571428500016,122.41999999999999,83.10156697170959,0.38296785,28.21309523815001,44.435,35.81,40.08,0.970941817426052,-0.23931566428755766
iq,2003,46,2003-11-12,3,27.7607142855,55.04,81.53389928625592,0.304139275,27.203571428500016,122.41999999999999,44.435,35.81,0.9350162426854157,-0.35460488704253335
iq,2003,47,2003-11-19,1,27.428571428500003,204.015,86.32822376402686,0.27330595,27.7607142855,55.04,122.41999999999999,44.435,0.8854560256532105,-0.46472317204376745
iq,2003,48,2003-11-26,2,27.378571428500003,53.735,85.11197765044739,0.28122142499999997,27.428571428500003,204.015,55.04,122.41999999999999,0.8229838658936584,-0.5680647467311528
iq,2003,49,2003-12-03,3,27.676190476350023,105.11500000000001,84.93092300302246,0.354203575,27.378571428500003,53.735,204.015,55.04,0.7485107481711026,-0.6631226582407934
iq,2003,50,2003-12-10,6,27.75000000000001,78.01,88.68272267461073,0.32841965,27.676190476350023,105.11500000000001,53.735,204.015,0.6631226582407987,-0.7485107481710981
iq,2003,51,2003-12-17,5,27.346428571500006,65.875,89.54802379254531,0.172373825,27.75000000000001,78.01,105.11500000000001,53.735,0.5680647467311557,-0.8229838658936565
iq,2003,52,2003-12-24,1,25.600000000000016,117.56,94.50415956070619,0.2620389,27.346428571500006,65.875,78.01,105.11500000000001,0.46472317204376734,-0.8854560256532106
iq,2004,1,2004-01-01,4,25.52142922690608,133.3638997400376,93.71599332793392,0.208513075,25.600000000000016,117.56,65.875,78.01,0.35460488704253657,-0.9350162426854145
iq,2004,2,2004-01-08,5,26.51309523815,107.865,91.97871379383699,0.256478225,25.52142922690608,133.3638997400376,117.56,65.875,0.23931566428755752,-0.9709418174260521
iq,2004,3,2004-01-15,8,27.253571428500017,65.785,92.60419480350868,0.318315,26.51309523815,107.865,133.3638997400376,117.56,0.12053668025532512,-0.9927088740980538
iq,2004,4,2004-01-22,5,28.20595238115002,24.665,78.4968777305522,0.31445714999999996,27.253571428500017,65.785,107.865,133.3638997400376,8.572527594031472e-16,-1.0
iq,2004,5,2004-01-29,2,28.9625,2.325,61.247829042137184,0.21755715,28.20595238115002,24.665,65.785,107.865,-0.1205366802553199,-0.9927088740980544
iq,2004,6,2004-02-05,3,28.710714285500025,18.65,68.6070409826339,0.11322499999999999,28.9625,2.325,24.665,65.785,-0.23931566428755585,-0.9709418174260525
iq,2004,7,2004-02-12,3,27.162500000000016,19.115,82.94685141133417,0.298760725,28.710714285500025,18.65,2.325,24.665,-0.35460488704253496,-0.935016242685415
iq,2004,8,2004-02-19,1,26.600000000000012,23.830000000000002,82.96626580331335,0.20580359999999998,27.162500000000016,19.115,18.65,2.325,-0.46472317204376584,-0.8854560256532114
iq,2004,9,2004-02-26,6,26.876190476350015,71.97,88.08563177310043,0.29298690000000005,26.600000000000012,23.830000000000002,19.115,18.65,-0.5680647467311573,-0.8229838658936555
iq,2004,10,2004-03-04,4,27.339285714500004,65.53999999999999,88.14755693405198,0.19579997500000001,26.876190476350015,71.97,23.830000000000002,19.115,-0.6631226582407947,-0.7485107481711015
iq,2004,11,2004-03-11,1,26.185714285500012,52.215,93.95497282794877,0.292848225,27.339285714500004,65.53999999999999,71.97,23.830000000000002,-0.7485107481711015,-0.6631226582407947
iq,2004,12,2004-03-18,2,27.342857142999996,162.515,88.83527459428186,0.377177975,26.185714285500012,52.215,65.53999999999999,71.97,-0.8229838658936555,-0.5680647467311573
iq,2004,13,2004-03-25,3,26.850000000000005,131.35,93.56513218335533,0.20625832500000002,27.342857142999996,162.515,52.215,65.53999999999999,-0.8854560256532097,-0.464723172043769
iq,2004,14,2004-04-01,1,26.590476190350003,51.61,94.81547718117041,0.14741665,26.850000000000005,131.35,162.515,52.215,-0.935016242685415,-0.35460488704253496
iq,2004,15,2004-04-08,8,26.73928571450001,25.63,93.15087108773113,0.333621425,26.590476190350003,51.61,131.35,162.515,-0.9709418174260517,-0.23931566428755932
iq,2004,16,2004-04-15,4,27.26666666665,49.349999999999994,87.93824212551431,0.20073572499999998,26.73928571450001,25.63,51.61,131.35,-0.992708874098054,-0.12053668025532342
iq,2004,17,2004-04-22,6,26.682142857000002,76.61,92.44165862946393,0.298515475,27.26666666665,49.349999999999994,25.63,51.61,-1.0,-2.6948419387607653e-15
iq,2004,18,2004-04-29,7,26.105952381150022,107.16,95.65383154521786,0.24010464999999998,26.682142857000002,76.61,49.349999999999994,25.63,-0.9927088740980542,0.12053668025532159
iq,2004,19,2004-05-06,5,26.605952381149997,90.465,91.16164547664451,0.1480143,26.105952381150022,107.16,76.61,49.349999999999994,-0.9709418174260529,0.23931566428755408
iq,2004,20,2004-05-13,8,25.682142857000024,63.305,91.4015032615556,0.165158325,26.605952381149997,90.465,107.16,76.61,-0.9350162426854145,0.35460488704253657
iq,2004,21,2004-05-20,6,26.339285714500004,235.17499999999998,86.69982841225792,0.21328334999999998,25.682142857000024,63.305,90.465,107.16,-0.8854560256532089,0.4647231720437705
iq,2004,22,2004-05-27,5,26.108321939971912,31.814999999999998,90.15267907118292,0.14091429,26.339285714500004,235.17499999999998,63.305,90.465,-0.8229838658936565,0.5680647467311557
iq,2004,23,2004-06-03,6,26.085714285500018,145.81,91.33992882229239,0.13294167499999998,26.108321939971912,31.814999999999998,235.17499999999998,63.305,-0.7485107481711004,0.663122658240796
iq,2004,24,2004-06-10,6,24.95000000000001,86.59,94.75259175715316,0.212963675,26.085714285500018,145.81,31.814999999999998,235.17499999999998,-0.6631226582407961,0.7485107481711003
iq,2004,25,2004-06-17,13,25.035714285500017,68.86,88.85795119950436,0.270878575,24.95000000000001,86.59,145.81,31.814999999999998,-0.5680647467311558,0.8229838658936564
iq,2004,26,2004-06-24,2,24.36964285700001,65.725,86.99115906705472,0.180661925,25.035714285500017,68.86,86.59,145.81,-0.4647231720437706,0.8854560256532088
iq,2004,27,2004-07-01,10,25.167857143000003,108.245,90.20648176483849,0.244175,24.36964285700001,65.725,68.86,86.59,-0.3546048870425367,0.9350162426854144
iq,2004,28,2004-07-08,3,25.742857143000002,63.57,86.489609169425,0.30846427499999995,25.167857143000003,108.245,65.725,68.86,-0.2393156642875611,0.9709418174260512
iq,2004,29,2004-07-15,12,26.292857143000013,39.545,80.51971980278374,0.22340954999999998,25.742857143000002,63.57,108.245,65.725,-0.12053668025532524,0.9927088740980538
iq,2004,30,2004-07-22,7,25.632142857000012,78.44,86.89137744873831,0.26753214999999997,26.292857143000013,39.545,63.57,108.245,2.5729962394826186e-15,1.0
iq,2004,31,2004-07-29,6,25.014031385330483,45.98,88.40011658631605,0.209739275,25.632142857000012,78.44,39.545,63.57,0.1205366802553233,0.992708874098054
iq,2004,32,2004-08-05,5,25.790348401560358,42.46,75.00453256425854,0.24273569999999997,25.014031385330483,45.98,78.44,39.545,0.23931566428755918,0.9709418174260517
iq,2004,33,2004-08-12,6,25.185884553365906,9.47,75.5403837928084,0.22057500000000002,25.790348401560358,42.46,45.98,78.44,0.35460488704253484,0.9350162426854152
iq,2004,34,2004-08-19,6,26.511144772423503,12.14,72.90130537366983,0.3467643,25.185884553365906,9.47,42.46,45.98,0.4647231720437689,0.8854560256532097
iq,2004,35,2004-08-26,6,26.63377684840941,21.43,78.08656211164367,0.27625715,26.511144772423503,12.14,9.47,42.46,0.5680647467311541,0.8229838658936576
iq,2004,36,2004-09-02,8,26.6642857145,171.20999999999998,81.68185921055891,0.333246425,26.63377684840941,21.43,12.14,9.47,0.6631226582407946,0.7485107481711016
iq,2004,37,2004-09-09,6,27.382142857,34.89,82.84900589561475,0.12746167500000002,26.6642857145,171.20999999999998,21.43,12.14,0.7485107481710991,0.6631226582407975
iq,2004,38,2004-09-16,9,26.540476190350006,61.97,86.91387296639712,0.257698225,27.382142857,34.89,171.20999999999998,21.43,0.8229838658936554,0.5680647467311573
iq,2004,39,2004-09-23,12,27.410714285500006,34.39,75.52147064568385,0.30109405,26.540476190350006,61.97,34.89,171.20999999999998,0.8854560256532079,0.4647231720437722
iq,2004,40,2004-09-30,19,28.20714285700002,62.894999999999996,79.99126277572554,0.27109997500000005,27.410714285500006,34.39,61.97,34.89,0.9350162426854138,0.3546048870425384
iq,2004,41,2004-10-07,8,26.283928571500002,40.085,85.09846414442035,0.25279645,28.20714285700002,62.894999999999996,34.39,61.97,0.9709418174260525,0.239315664287556
iq,2004,42,2004-10-14,16,27.332142857,92.925,90.41702696016802,0.3420643,26.283928571500002,40.085,62.894999999999996,34.39,0.992708874098054,0.12053668025532353
iq,2004,43,2004-10-21,21,27.735714285500002,24.305,80.5162418897201,0.24518810000000002,27.332142857,92.925,40.085,62.894999999999996,1.0,-7.354070601250002e-16
iq,2004,44,2004-10-28,6,27.096428571500024,81.95500000000001,83.22566154053706,0.27668215,27.735714285500002,24.305,92.925,40.085,0.9927088740980542,-0.12053668025532148
iq,2004,45,2004-11-04,22,27.992857143,96.515,80.42909273265408,0.344464275,27.096428571500024,81.95500000000001,24.305,92.925,0.9709418174260521,-0.2393156642875574
iq,2004,46,2004-11-11,37,25.878571428500017,129.44,94.6345673091263,0.326789275,27.992857143,96.515,81.95500000000001,24.305,0.9350162426854157,-0.3546048870425331
iq,2004,47,2004-11-18,33,28.16785714300002,90.74000000000001,79.15364765207964,0.20571070000000002,25.878571428500017,129.44,96.515,81.95500000000001,0.8854560256532106,-0.46472317204376723
iq,2004,48,2004-11-25,18,27.025000000000006,74.49000000000001,91.52972853627533,0.20108990000000002,28.16785714300002,90.74000000000001,129.44,96.515,0.8229838658936566,-0.5680647467311556
iq,2004,49,2004-12-02,83,27.5642857145,58.504999999999995,83.11785662667421,0.19035955,27.025000000000006,74.49000000000001,90.74000000000001,129.44,0.7485107481711029,-0.6631226582407933
iq,2004,50,2004-12-09,116,26.995242293651355,39.970000000000006,90.64274313500604,0.311167875,27.5642857145,58.504999999999995,74.49000000000001,90.74000000000001,0.6631226582407962,-0.7485107481711002
iq,2004,51,2004-12-16,32,27.630357142999998,88.93,84.61507738333793,0.2361393,26.995242293651355,39.970000000000006,58.504999999999995,74.49000000000001,0.5680647467311588,-0.8229838658936544
iq,2004,52,2004-12-23,7,27.15357142850001,105.315,89.62600604997141,0.35269375,27.630357142999998,88.93,39.970000000000006,58.504999999999995,0.46472317204376756,-0.8854560256532104
iq,2005,53,2005-01-01,9,27.507873490637234,67.28642661775365,88.46158200412097,0.33250246095374975,27.15357142850001,105.315,88.93,39.970000000000006,0.3546048870425368,-0.9350162426854144
iq,2005,1,2005-01-08,10,27.67857142850002,72.75,87.59884935274226,0.268792875,27.507873490637234,67.28642661775365,105.315,88.93,0.23931566428755777,-0.970941817426052
iq,2005,2,2005-01-15,5,27.046428571500012,162.915,91.82416258572127,0.323475,27.67857142850002,72.75,67.28642661775365,105.315,0.12053668025532184,-0.9927088740980542
iq,2005,3,2005-01-22,8,28.640476190350007,127.26,78.87043930453649,0.321676175,27.046428571500012,162.915,72.75,67.28642661775365,1.102182119232618e-15,-1.0
iq,2005,4,2005-01-29,7,28.411904761850003,12.835,82.69889892690748,0.30388095,28.640476190350007,127.26,162.915,72.75,-0.12053668025532317,-0.992708874098054
iq,2005,5,2005-02-05,8,28.10178571450002,46.379999999999995,84.33832169065006,0.150973225,28.411904761850003,12.835,127.26,162.915,-0.23931566428755563,-0.9709418174260526
iq,2005,6,2005-02-12,11,26.004761904850024,61.505,93.13185775187694,0.219664275,28.10178571450002,46.379999999999995,12.835,127.26,-0.35460488704253473,-0.9350162426854152
iq,2005,7,2005-02-19,6,26.75714285700002,238.125,92.40687169514712,0.2003857,26.004761904850024,61.505,46.379999999999995,12.835,-0.4647231720437656,-0.8854560256532115
iq,2005,8,2005-02-26,7,27.392857142999997,65.53999999999999,88.23299978731262,0.2253393,26.75714285700002,238.125,61.505,46.379999999999995,-0.568064746731154,-0.8229838658936576
iq,2005,9,2005-03-05,7,27.25476190485002,36.61,90.67418707471998,0.26780835000000003,27.392857142999997,65.53999999999999,238.125,61.505,-0.6631226582407919,-0.748510748171104
iq,2005,10,2005-03-12,14,26.167857143000013,82.07,95.50926428778695,0.17030655,27.25476190485002,36.61,65.53999999999999,238.125,-0.7485107481711013,-0.663122658240795
iq,2005,11,2005-03-19,7,27.114285714500006,154.305,88.32649961805521,0.199442275,26.167857143000013,82.07,36.61,65.53999999999999,-0.8229838658936572,-0.5680647467311545
iq,2005,12,2005-03-26,9,27.19928571450002,104.08500000000001,85.29915749254417,0.19603215,27.114285714500006,154.305,82.07,36.61,-0.8854560256532096,-0.4647231720437692
iq,2005,13,2005-04-02,13,26.842857143000003,64.51,89.94491700401838,0.37510712500000004,27.19928571450002,104.08500000000001,154.305,82.07,-0.9350162426854149,-0.3546048870425352
iq,2005,14,2005-04-09,16,26.975000000000012,79.255,88.58318964391319,0.267807125,26.842857143000003,64.51,104.08500000000001,154.305,-0.9709418174260516,-0.23931566428755954
iq,2005,15,2005-04-16,7,26.482142857000024,21.815,95.03063621171938,0.17746547499999998,26.975000000000012,79.255,64.51,104.08500000000001,-0.992708874098054,-0.12053668025532366
iq,2005,16,2005-04-23,9,26.946428571500025,71.6,95.13657516364324,0.21178334999999998,26.482142857000024,21.815,79.255,64.51,-1.0,-2.939771298590236e-15
iq,2005,17,2005-04-30,2,27.157142857000014,46.65,94.40864482503949,0.20227259999999997,26.946428571500025,71.6,21.815,79.255,-0.9927088740980542,0.12053668025532135
iq,2005,18,2005-05-07,13,25.542857143000013,23.145,92.6961104171692,0.150872,27.157142857000014,46.65,71.6,21.815,-0.970941817426053,0.23931566428755385
iq,2005,19,2005-05-14,8,27.235714285500006,38.535,85.01376669446026,0.219416675,25.542857143000013,23.145,46.65,71.6,-0.9350162426854158,0.354604887042533
iq,2005,20,2005-05-21,3,26.83756596374376,76.06,91.33356140126857,0.2210107,27.235714285500006,38.535,23.145,46.65,-0.885456025653209,0.4647231720437703
iq,2005,21,2005-05-28,5,27.432142857000013,40.519999999999996,79.86692690645302,0.29961785,26.83756596374376,76.06,38.535,23.145,-0.8229838658936566,0.5680647467311555
iq,2005,22,2005-06-04,4,26.58857640553356,70.325,83.1750519584589,0.368021425,27.432142857000013,40.519999999999996,76.06,38.535,-0.7485107481711005,0.6631226582407959
iq,2005,23,2005-06-11,8,26.21785714300002,29.97,90.96194841384562,0.1351268,26.58857640553356,70.325,40.519999999999996,76.06,-0.6631226582407963,0.7485107481711002
iq,2005,24,2005-06-18,2,26.56904761885002,89.265,85.59146534044248,0.251142875,26.21785714300002,29.97,70.325,40.519999999999996,-0.568064746731156,0.8229838658936562
iq,2005,25,2005-06-25,3,26.6285714285,70.04,80.56734756849266,0.287485675,26.56904761885002,89.265,29.97,70.325,-0.46472317204377084,0.8854560256532087
iq,2005,26,2005-07-02,5,26.088095238150004,57.8,83.26444953988525,0.24105357500000002,26.6285714285,70.04,89.265,29.97,-0.3546048870425369,0.9350162426854144
iq,2005,27,2005-07-09,7,27.0357142855,42.07,79.59825729121705,0.19638335,26.088095238150004,57.8,70.04,89.265,-0.23931566428756135,0.9709418174260511
iq,2005,28,2005-07-16,3,26.12142857150001,138.405,74.71727441181544,0.373292875,27.0357142855,42.07,57.8,70.04,-0.12053668025532549,0.9927088740980538
iq,2005,29,2005-07-23,5,26.164285714500004,13.665,71.59459876808,0.15904285,26.12142857150001,138.405,42.07,57.8,-1.2246467991473533e-15,1.0
iq,2005,30,2005-07-30,6,23.132142857,56.709999999999994,80.72510185110778,0.310864275,26.164285714500004,13.665,138.405,42.07,0.12053668025531952,0.9927088740980544
iq,2005,31,2005-08-06,5,26.41428571450001,0.0,71.15381119909475,0.28554285,23.132142857,56.709999999999994,13.665,138.405,0.23931566428755896,0.9709418174260518
iq,2005,32,2005-08-13,5,27.255357143000005,37.385000000000005,70.85146025067918,0.25780715,26.41428571450001,0.0,56.709999999999994,13.665,0.35460488704253457,0.9350162426854152
iq,2005,33,2005-08-20,4,27.413870422787184,43.724999999999994,61.94149531564364,0.29735,27.255357143000005,37.385000000000005,0.0,56.709999999999994,0.4647231720437687,0.8854560256532098
iq,2005,34,2005-08-27,0,27.139285714500005,98.31,79.56630872043536,0.293289275,27.413870422787184,43.724999999999994,37.385000000000005,0.0,0.5680647467311539,0.8229838658936577
iq,2005,35,2005-09-03,0,26.510714285500022,24.905,75.81193452769557,0.38899582499999996,27.139285714500005,98.31,43.724999999999994,37.385000000000005,0.6631226582407944,0.7485107481711017
iq,2005,36,2005-09-10,0,26.695522476232718,40.489999999999995,68.45897846881272,0.29204287500000004,26.510714285500022,24.905,98.31,43.724999999999994,0.7485107481711013,0.663122658240795
iq,2005,37,2005-09-17,0,25.607828328372662,9.98,80.8777944557436,0.230235725,26.695522476232718,40.489999999999995,24.905,98.31,0.8229838658936572,0.5680647467311546
iq,2005,38,2005-09-24,0,26.190476190350005,20.330000000000002,72.68400538760328,0.1866732,25.607828328372662,9.98,40.489999999999995,24.905,0.8854560256532078,0.46472317204377245
iq,2005,39,2005-10-01,2,29.214285714500004,24.80873450075604,62.55627676502893,0.40646845,26.190476190350005,20.330000000000002,9.98,40.489999999999995,0.9350162426854137,0.3546048870425386
iq,2005,40,2005-10-08,4,27.95000000000001,67.75,71.60508023468441,0.31454525,29.214285714500004,24.80873450075604,20.330000000000002,9.98,0.9709418174260516,0.23931566428755968
iq,2005,41,2005-10-15,4,28.103571428500004,146.6,71.69446537701815,0.344352975,27.95000000000001,67.75,24.80873450075604,20.330000000000002,0.9927088740980539,0.12053668025532378
iq,2005,42,2005-10-22,3,28.571428571500025,68.985,77.05729714106332,0.306814275,28.103571428500004,146.6,67.75,24.80873450075604,1.0,-4.904777002955296e-16
iq,2005,43,2005-10-29,3,27.157142857000018,167.63,85.44971863482954,0.31989287499999997,28.571428571500025,68.985,146.6,67.75,0.9927088740980538,-0.12053668025532475
iq,2005,44,2005-11-05,5,28.28095238115001,80.625,81.53452997055754,0.18793925,27.157142857000018,167.63,68.985,146.6,0.9709418174260513,-0.23931566428756063
iq,2005,45,2005-11-12,6,27.32928413717979,42.13,84.71657653197411,0.376196425,28.28095238115001,80.625,167.63,68.985,0.9350162426854158,-0.3546048870425329
iq,2005,46,2005-11-19,14,27.271428571500014,94.685,87.93079999507262,0.401703575,27.32928413717979,42.13,80.625,167.63,0.8854560256532107,-0.464723172043767
iq,2005,47,2005-11-26,3,27.9892857145,38.72,86.45578800882835,0.25786785,27.271428571500014,94.685,42.13,80.625,0.8229838658936567,-0.5680647467311554
iq,2005,48,2005-12-03,7,27.783333333350008,78.21000000000001,83.00490041752751,0.34364645,27.9892857145,38.72,94.685,42.13,0.7485107481711006,-0.6631226582407957
iq,2005,49,2005-12-10,11,27.828571428500016,57.3,83.171367030631,0.283814275,27.783333333350008,78.21000000000001,38.72,94.685,0.6631226582407991,-0.7485107481710978
iq,2005,50,2005-12-17,2,27.60357142850002,26.455,88.14750939902834,0.2081393,27.828571428500016,57.3,78.21000000000001,38.72,0.568064746731159,-0.8229838658936541
iq,2005,51,2005-12-24,6,27.260714285500022,116.05,91.7484535361105,0.17889075000000002,27.60357142850002,26.455,57.3,78.21000000000001,0.46472317204377095,-0.8854560256532087
iq,2006,52,2006-01-01,8,26.939285714500024,194.04,89.62665811363145,0.28835,27.260714285500022,116.05,26.455,57.3,0.354604887042537,-0.9350162426854143
iq,2006,1,2006-01-08,25,26.953470161780732,54.44,69.79265989152587,0.220503575,26.939285714500024,194.04,116.05,26.455,0.23931566428755802,-0.970941817426052
iq,2006,2,2006-01-15,21,27.465000000000018,99.28,83.7391848774887,0.21389285000000002,26.953470161780732,54.44,194.04,116.05,0.12053668025532208,-0.9927088740980541
iq,2006,3,2006-01-22,10,27.28665123807415,71.82499999999999,84.86235955939756,0.15353215,27.465000000000018,99.28,54.44,194.04,-2.2056021997384123e-15,-1.0
iq,2006,4,2006-01-29,28,26.221428571500006,150.11,89.53872181314105,0.1495125,27.28665123807415,71.82499999999999,99.28,54.44,-0.12053668025531941,-0.9927088740980544
iq,2006,5,2006-02-05,39,26.25376417092275,76.535,94.15746493958524,0.350496425,26.221428571500006,150.11,71.82499999999999,99.28,-0.23931566428755538,-0.9709418174260526
iq,2006,6,2006-02-12,20,26.6142857145,86.485,93.42782583266549,0.2122518,26.25376417092275,76.535,150.11,71.82499999999999,-0.35460488704253446,-0.9350162426854153
iq,2006,7,2006-02-19,24,26.79642857150002,22.175,87.8419780739007,0.290639275,26.6142857145,86.485,76.535,150.11,-0.46472317204376856,-0.8854560256532099
iq,2006,8,2006-02-26,28,27.934285714500014,11.870000000000001,80.55028298337436,0.186764275,26.79642857150002,22.175,86.485,76.535,-0.5680647467311509,-0.8229838658936597
iq,2006,9,2006-03-05,26,27.077380952150023,53.015,87.85686836187051,0.1610375,27.934285714500014,11.870000000000001,22.175,86.485,-0.6631226582407918,-0.7485107481711042
iq,2006,10,2006-03-12,8,26.978571428500004,93.995,92.82514321624036,0.38124285,27.077380952150023,53.015,11.870000000000001,22.175,-0.7485107481710987,-0.6631226582407977
iq,2006,11,2006-03-19,9,26.91607142850002,68.845,89.92408406570058,0.1684107,26.978571428500004,93.995,53.015,11.870000000000001,-0.8229838658936551,-0.5680647467311576
iq,2006,12,2006-03-26,12,26.517857142999997,108.81,89.96601237308494,0.24725524999999998,26.91607142850002,68.845,93.995,53.015,-0.8854560256532095,-0.4647231720437694
iq,2006,13,2006-04-02,18,27.19285714300002,87.67999999999999,91.44785015940747,0.20977499999999996,26.517857142999997,108.81,68.845,93.995,-0.9350162426854149,-0.3546048870425354
iq,2006,14,2006-04-09,9,27.113095238150024,109.89,86.71631304633837,0.22160000000000002,27.19285714300002,87.67999999999999,108.81,68.845,-0.9709418174260523,-0.23931566428755635
iq,2006,15,2006-04-16,9,26.982142857000007,62.165,92.52739416390357,0.271046425,27.113095238150024,109.89,87.67999999999999,108.81,-0.9927088740980534,-0.12053668025532743
iq,2006,16,2006-04-23,6,26.714285714500004,40.75,88.54952760215451,0.30021785,26.982142857000007,62.165,109.89,87.67999999999999,-1.0,-3.1847006584197066e-15
iq,2006,17,2006-04-30,6,25.778571428500015,54.465,88.0198933073637,0.19322677500000002,26.714285714500004,40.75,62.165,109.89,-0.9927088740980542,0.1205366802553211
iq,2006,18,2006-05-07,8,26.860714285500013,90.035,89.52051373420852,0.131560725,25.778571428500015,54.465,40.75,62.165,-0.9709418174260522,0.23931566428755705
iq,2006,19,2006-05-14,5,24.353571428499997,199.07,92.08516439225747,0.2569464,26.860714285500013,90.035,54.465,40.75,-0.9350162426854146,0.35460488704253607
iq,2006,20,2006-05-21,7,24.48214285700002,1.76,68.81938094631971,0.34449285,24.353571428499997,199.07,90.035,54.465,-0.8854560256532124,0.4647231720437638
iq,2006,21,2006-05-28,6,26.715476190350014,87.2,76.41581731518772,0.16574999999999998,24.48214285700002,1.76,199.07,90.035,-0.8229838658936588,0.5680647467311524
iq,2006,22,2006-06-04,5,24.8107142855,114.84,88.9211920257718,0.1208756075,26.715476190350014,87.2,1.76,199.07,-0.7485107481711031,0.663122658240793
iq,2006,23,2006-06-11,3,25.80714285700001,117.93,88.82231404404021,0.2853143,24.8107142855,114.84,87.2,1.76,-0.6631226582407965,0.7485107481711
iq,2006,24,2006-06-18,1,26.54285714300001,82.245,84.36118618548977,0.165810725,25.80714285700001,117.93,114.84,87.2,-0.5680647467311561,0.8229838658936561
iq,2006,25,2006-06-25,0,25.71428571450001,73.295,84.19533460837097,0.259404175,26.54285714300001,82.245,117.93,114.84,-0.4647231720437679,0.8854560256532102
iq,2006,26,2006-07-02,1,25.832142857000015,19.555,80.70965665725402,0.2891119,25.71428571450001,73.295,82.245,117.93,-0.3546048870425338,0.9350162426854155
iq,2006,27,2006-07-09,2,25.73214285700002,65.66,86.11733534977233,0.26326784999999997,25.832142857000015,19.555,73.295,82.245,-0.23931566428756157,0.9709418174260511
iq,2006,28,2006-07-16,3,25.978571428500004,0.835,73.32868244626616,0.3063506,25.73214285700002,65.66,19.555,73.295,-0.12053668025532573,0.9927088740980536
iq,2006,29,2006-07-23,2,26.667857143000003,50.86,79.94471426650274,0.34634285,25.978571428500004,0.835,65.66,19.555,-1.4695761589768238e-15,1.0
iq,2006,30,2006-07-30,2,26.096428571500002,20.03,75.73720266602274,0.33339287500000003,26.667857143000003,50.86,0.835,65.66,0.12053668025532281,0.992708874098054
iq,2006,31,2006-08-06,2,26.708928571500014,24.48,83.34628274877718,0.191532125,26.096428571500002,20.03,50.86,0.835,0.23931566428755183,0.9709418174260535
iq,2006,32,2006-08-13,2,26.982142857000003,19.195,73.50671800488882,0.38041785000000006,26.708928571500014,24.48,20.03,50.86,0.3546048870425377,0.9350162426854141
iq,2006,33,2006-08-20,2,27.576190476350007,61.620000000000005,79.2163846801237,0.287208025,26.982142857000003,19.195,24.48,20.03,0.46472317204377156,0.8854560256532084
iq,2006,34,2006-08-27,4,26.94285714300002,69.85,79.49354995642108,0.24155715,27.576190476350007,61.620000000000005,19.195,24.48,0.5680647467311538,0.8229838658936578
iq,2006,35,2006-09-03,0,26.625,122.0,80.58669987029863,0.334852975,26.94285714300002,69.85,61.620000000000005,19.195,0.6631226582407943,0.7485107481711019
iq,2006,36,2006-09-10,6,27.310000000000024,52.815,71.70591825757987,0.259721425,26.625,122.0,69.85,61.620000000000005,0.7485107481711011,0.6631226582407952
iq,2006,37,2006-09-17,3,27.18214285700002,56.185,73.12887888737086,0.2528725,27.310000000000024,52.815,122.0,69.85,0.8229838658936571,0.5680647467311548
iq,2006,38,2006-09-24,2,27.820238095150003,88.05000000000001,72.62304942059959,0.342241675,27.18214285700002,56.185,52.815,122.0,0.8854560256532077,0.46472317204377267
iq,2006,39,2006-10-01,6,28.051190476350016,98.82,78.65510683049106,0.41847145,27.820238095150003,88.05000000000001,56.185,52.815,0.9350162426854136,0.35460488704253884
iq,2006,40,2006-10-08,2,27.992857143000016,64.69,76.71955170600208,0.316903575,28.051190476350016,98.82,88.05000000000001,56.185,0.9709418174260515,0.2393156642875599
iq,2006,41,2006-10-15,7,27.969285714500018,102.145,82.22551636548518,0.179234175,27.992857143000016,64.69,98.82,88.05000000000001,0.9927088740980539,0.12053668025532402
iq,2006,42,2006-10-22,4,28.232142857000003,55.934999999999995,86.45464853025686,0.2855607,27.969285714500018,102.145,64.69,98.82,1.0,6.859879017134943e-15
iq,2006,43,2006-10-29,6,27.41214285700002,99.62,84.85101465416335,0.41823575,28.232142857000003,55.934999999999995,102.145,64.69,0.9927088740980546,-0.12053668025531745
iq,2006,44,2006-11-05,6,28.78095238115,40.75,78.6876121149439,0.32671072500000004,27.41214285700002,99.62,55.934999999999995,102.145,0.9709418174260513,-0.23931566428756038
iq,2006,45,2006-11-12,2,28.00714285700002,94.475,87.77163340071255,0.280146425,28.78095238115,40.75,99.62,55.934999999999995,0.9350162426854159,-0.3546048870425326
iq,2006,46,2006-11-19,13,26.442857143000015,86.125,90.94751125124861,0.25653929999999997,28.00714285700002,94.475,40.75,99.62,0.8854560256532108,-0.4647231720437668
iq,2006,47,2006-11-26,10,26.7035714285,124.44500000000001,89.98762379019253,0.31948212500000006,26.442857143000015,86.125,94.475,40.75,0.8229838658936609,-0.5680647467311494
iq,2006,48,2006-12-03,5,27.842857143000014,95.215,84.34585629352864,0.16259285,26.7035714285,124.44500000000001,86.125,94.475,0.7485107481711007,-0.6631226582407955
iq,2006,49,2006-12-10,2,27.225000000000005,55.395,93.87989827985928,0.37919225,27.842857143000014,95.215,124.44500000000001,86.125,0.663122658240794,-0.7485107481711023
iq,2006,50,2006-12-17,0,26.9566206736049,100.03122905237666,93.06657635602821,0.3611369,27.225000000000005,55.395,95.215,124.44500000000001,0.5680647467311593,-0.822983865893654
iq,2006,51,2006-12-24,1,26.51210847455584,118.608348518324,91.22312238363651,0.331039175,26.9566206736049,100.03122905237666,55.395,95.215,0.46472317204376484,-0.8854560256532118
iq,2007,1,2007-01-01,0,25.828571428500016,106.67,93.14407188855186,0.1755113,26.51210847455584,118.608348518324,100.03122905237666,55.395,0.35460488704253723,-0.9350162426854142
iq,2007,2,2007-01-08,14,26.126785714500024,49.28,91.9702439675147,0.188119025,25.828571428500016,106.67,118.608348518324,100.03122905237666,0.23931566428755824,-0.9709418174260519
iq,2007,3,2007-01-15,6,26.530357143000014,152.445,91.5486214163907,0.256853575,26.126785714500024,49.28,106.67,118.608348518324,0.12053668025532938,-0.9927088740980532
iq,2007,4,2007-01-22,10,26.500000000000007,122.685,94.41585848518828,0.225474975,26.530357143000014,152.445,49.28,106.67,-1.9606728399089416e-15,-1.0
iq,2007,5,2007-01-29,5,27.094642857000014,72.0,88.78166115405844,0.17857499999999998,26.500000000000007,122.685,152.445,49.28,-0.12053668025531916,-0.9927088740980544
iq,2007,6,2007-02-05,12,27.567857143000015,35.85,83.32466480098108,0.37261429999999995,27.094642857000014,72.0,122.685,152.445,-0.23931566428755516,-0.9709418174260527
iq,2007,7,2007-02-12,9,27.992857143,37.745,72.49309551465564,0.28952500000000003,27.567857143000015,35.85,72.0,122.685,-0.35460488704252763,-0.9350162426854178
iq,2007,8,2007-02-19,5,28.884285714500002,12.85,67.23104827970043,0.19789047499999998,27.992857143,37.745,35.85,72.0,-0.46472317204376834,-0.88545602565321
iq,2007,9,2007-02-26,11,28.02285714300001,41.78,73.47409720421828,0.1783875,28.884285714500002,12.85,37.745,35.85,-0.5680647467311566,-0.8229838658936558
iq,2007,10,2007-03-05,2,26.432142857000024,161.185,90.48579789584824,0.21151072499999998,28.02285714300001,41.78,12.85,37.745,-0.6631226582407915,-0.7485107481711043
iq,2007,11,2007-03-12,6,26.475000000000023,96.735,93.14282891580592,0.28452679999999997,26.432142857000024,161.185,41.78,12.85,-0.7485107481711033,-0.6631226582407926
iq,2007,12,2007-03-19,7,26.28928571450001,201.515,87.59931569380566,0.23064215,26.475000000000023,96.735,161.185,41.78,-0.822983865893655,-0.5680647467311578
iq,2007,13,2007-03-26,6,27.125,79.62,89.62366000167756,0.23970714999999998,26.28928571450001,201.515,96.735,161.185,-0.8854560256532094,-0.4647231720437696
iq,2007,14,2007-04-02,5,26.46190476185,95.67,92.58219126808856,0.244514275,27.125,79.62,201.515,96.735,-0.9350162426854123,-0.3546048870425423
iq,2007,15,2007-04-09,9,26.646428571500014,79.67,92.37772981708918,0.17224345,26.46190476185,95.67,79.62,201.515,-0.9709418174260523,-0.23931566428755657
iq,2007,16,2007-04-16,5,26.171428571500012,95.36,91.48772477014262,0.19825355,26.646428571500014,79.67,95.67,79.62,-0.9927088740980534,-0.12053668025532767
iq,2007,17,2007-04-23,8,26.080952381150016,209.78,92.7127126993508,0.23965712499999997,26.171428571500012,95.36,79.67,95.67,-1.0,-3.4296300182491773e-15
iq,2007,18,2007-04-30,3,26.38571428550002,110.795,90.727614534775,0.204403575,26.080952381150016,209.78,95.36,79.67,-0.9927088740980551,0.1205366802553138
iq,2007,19,2007-05-07,4,26.585714285500007,63.625,91.25559715041501,0.1839714,26.38571428550002,110.795,209.78,95.36,-0.9709418174260522,0.23931566428755682
iq,2007,20,2007-05-14,11,25.725000000000012,118.315,88.88532919428256,0.18316427500000002,26.585714285500007,63.625,110.795,209.78,-0.9350162426854147,0.35460488704253584
iq,2007,21,2007-05-21,5,26.903571428500015,75.35499999999999,90.36871356831004,0.32525715,25.725000000000012,118.315,63.625,110.795,-0.8854560256532125,0.46472317204376357
iq,2007,22,2007-05-28,8,24.367857143000016,69.24000000000001,85.93628422139798,0.0870214175,26.903571428500015,75.35499999999999,118.315,63.625,-0.8229838658936549,0.568064746731158
iq,2007,23,2007-06-04,4,25.7964285715,19.805,87.55888581214137,0.22854760000000002,24.367857143000016,69.24000000000001,75.35499999999999,118.315,-0.7485107481711032,0.6631226582407929
iq,2007,24,2007-06-11,3,25.8107142855,33.84,86.84294998481488,0.317289275,25.7964285715,19.805,69.24000000000001,75.35499999999999,-0.6631226582407966,0.7485107481710999
iq,2007,25,2007-06-18,1,25.10119047635001,102.41499999999999,90.23689966565492,0.15658927499999997,25.8107142855,33.84,19.805,69.24000000000001,-0.5680647467311623,0.8229838658936519
iq,2007,26,2007-06-25,2,25.715476190350003,10.805,88.47454694269953,0.1648464,25.10119047635001,102.41499999999999,33.84,19.805,-0.4647231720437681,0.8854560256532101
iq,2007,27,2007-07-02,3,25.432142857000013,2.1526707932703655,73.84773521753414,0.21351787499999997,25.715476190350003,10.805,102.41499999999999,33.84,-0.3546048870425407,0.935016242685413
iq,2007,28,2007-07-09,4,26.30357142850002,36.44,78.49508648908665,0.300241675,25.432142857000013,2.1526707932703655,10.805,102.41499999999999,-0.23931566428756182,0.970941817426051
iq,2007,29,2007-07-16,1,25.06666666665001,24.595,91.92825259241016,0.344085725,26.30357142850002,36.44,2.1526707932703655,10.805,-0.12053668025531891,0.9927088740980545
iq,2007,30,2007-07-23,8,26.639285714500023,19.905,79.6688851384113,0.3698285499999999,25.06666666665001,24.595,36.44,2.1526707932703655,-1.7145055188062944e-15,1.0
iq,2007,31,2007-07-30,5,24.517857143000015,63.39,78.31614910055293,0.411,26.639285714500023,19.905,24.595,36.44,0.12053668025532256,0.9927088740980541
iq,2007,32,2007-08-06,3,26.333928571500014,33.035000000000004,71.75972920729916,0.26840715,24.517857143000015,63.39,19.905,24.595,0.23931566428755158,0.9709418174260536
iq,2007,33,2007-08-13,2,26.346428571500024,56.64,77.73260635789734,0.2447357,26.333928571500014,33.035000000000004,63.39,19.905,0.35460488704253745,0.9350162426854142
iq,2007,34,2007-08-20,7,27.3232142855,15.580000000000002,73.58012053909502,0.348546425,26.346428571500024,56.64,33.035000000000004,63.39,0.46472317204376506,0.8854560256532117
iq,2007,35,2007-08-27,1,27.74642857150001,15.13,63.96234882471053,0.28346784999999997,27.3232142855,15.580000000000002,56.64,33.035000000000004,0.5680647467311536,0.8229838658936579
iq,2007,36,2007-09-03,6,25.753571428500003,56.69,88.90153346961984,0.304501775,27.74642857150001,15.13,15.580000000000002,56.64,0.6631226582407941,0.7485107481711021
iq,2007,37,2007-09-10,7,26.935714285500023,100.375,79.36644326355957,0.2957863,25.753571428500003,56.69,15.13,15.580000000000002,0.748510748171101,0.6631226582407954
iq,2007,38,2007-09-17,5,27.382142857000026,37.26,80.74017550077582,0.355,26.935714285500023,100.375,56.69,15.13,0.8229838658936529,0.5680647467311608
iq,2007,39,2007-09-24,2,28.055952381150007,46.894999999999996,73.99674133714693,0.25273215,27.382142857000026,37.26,100.375,56.69,0.8854560256532076,0.4647231720437729
iq,2007,40,2007-10-01,6,27.535714285500017,72.59,85.41564543932998,0.295739875,28.055952381150007,46.894999999999996,37.26,100.375,0.935016242685416,0.3546048870425324
iq,2007,41,2007-10-08,11,28.31785714300001,92.095,75.33942925263119,0.384753575,27.535714285500017,72.59,46.894999999999996,37.26,0.9709418174260515,0.23931566428756015
iq,2007,42,2007-10-15,6,28.339285714500022,39.309999999999995,82.22094474107011,0.20250357500000002,28.31785714300001,92.095,72.59,46.894999999999996,0.9927088740980539,0.12053668025532427
iq,2007,43,2007-10-22,3,25.971428571500024,93.015,91.11134284226421,0.38882500000000003,28.339285714500022,39.309999999999995,92.095,72.59,1.0,-6.189806365883577e-19
iq,2007,44,2007-10-29,11,26.75714285700002,25.64,90.40670917795356,0.272642875,25.971428571500024,93.015,39.309999999999995,92.095,0.9927088740980539,-0.12053668025532427
iq,2007,45,2007-11-05,11,28.0535714285,45.989999999999995,81.11588908867823,0.30893570000000004,26.75714285700002,25.64,93.015,39.309999999999995,0.9709418174260531,-0.23931566428755324
iq,2007,46,2007-11-12,5,27.1339285715,110.4,88.81303076643802,0.17731249999999998,28.0535714285,45.989999999999995,25.64,93.015,0.935016242685416,-0.3546048870425324
iq,2007,47,2007-11-19,4,25.920714285500026,66.135,93.99846094927209,0.21283924999999998,27.1339285715,110.4,45.989999999999995,25.64,0.8854560256532109,-0.46472317204376656
iq,2007,48,2007-11-26,9,26.651785714500022,211.21500000000003,92.35211020166079,0.163613575,25.920714285500026,66.135,110.4,45.989999999999995,0.8229838658936569,-0.568064746731155
iq,2007,49,2007-12-03,23,27.178571428500003,107.58,88.39058797374244,0.311878575,26.651785714500022,211.21500000000003,66.135,110.4,0.7485107481711056,-0.6631226582407901
iq,2007,50,2007-12-10,28,27.985714285500013,53.245000000000005,82.75290761976211,0.270922625,27.178571428500003,107.58,211.21500000000003,66.135,0.6631226582407941,-0.7485107481711021
iq,2007,51,2007-12-17,26,26.3589285715,203.715,92.79609716508811,0.264428575,27.985714285500013,53.245000000000005,107.58,211.21500000000003,0.5680647467311536,-0.8229838658936579
iq,2007,52,2007-12-24,7,26.639285714500012,40.835,90.14378936304908,0.19897499999999999,26.3589285715,203.715,53.245000000000005,107.58,0.46472317204377134,-0.8854560256532084
iq,2008,1,2008-01-01,29,27.830357142999997,-0.07469612300771011,74.5240401684296,0.177535725,26.639285714500012,40.835,203.715,53.245000000000005,0.35460488704253745,-0.9350162426854142
iq,2008,2,2008-01-08,58,24.592857142999996,88.12,93.74911736714338,0.386852975,27.830357142999997,-0.07469612300771011,40.835,203.715,0.2393156642875585,-0.9709418174260519
iq,2008,3,2008-01-15,26,26.88095238115001,110.63499999999999,90.85355011198696,0.203067875,24.592857142999996,88.12,-0.07469612300771011,40.835,0.12053668025532256,-0.9927088740980541
iq,2008,4,2008-01-22,38,26.538787143095803,74.445,91.66206806044448,0.280121425,26.88095238115001,110.63499999999999,88.12,-0.07469612300771011,5.3896838775215305e-15,-1.0
iq,2008,5,2008-01-29,35,27.194047618850007,115.6,88.42929810634163,0.3598232,26.538787143095803,74.445,110.63499999999999,88.12,-0.12053668025532598,-0.9927088740980536
iq,2008,6,2008-02-05,37,27.74047619035,21.91,73.7022481412398,0.19514107500000002,27.194047618850007,115.6,74.445,110.63499999999999,-0.2393156642875549,-0.9709418174260527
iq,2008,7,2008-02-12,20,26.3107142855,28.214999999999996,91.5756419085601,0.17867919999999998,27.74047619035,21.91,115.6,74.445,-0.354604887042534,-0.9350162426854154
iq,2008,8,2008-02-19,29,26.585714285500018,118.97,88.65647636127454,0.20350895,26.3107142855,28.214999999999996,21.91,115.6,-0.4647231720437618,-0.8854560256532135
iq,2008,9,2008-02-26,25,25.710714285500007,114.465,94.59386533508135,0.306910725,26.585714285500018,118.97,28.214999999999996,21.91,-0.5680647467311564,-0.822983865893656
iq,2008,10,2008-03-04,23,26.682857143000003,165.215,84.26305353419394,0.16982740000000002,25.710714285500007,114.465,118.97,28.214999999999996,-0.6631226582407966,-0.7485107481710999
iq,2008,11,2008-03-11,9,26.346428571500013,80.225,84.72608808693437,0.14472142500000001,26.682857143000003,165.215,114.465,118.97,-0.7485107481710985,-0.6631226582407981
iq,2008,12,2008-03-18,3,25.476652931196284,96.385,89.6889239509573,0.19876905,26.346428571500013,80.225,165.215,114.465,-0.8229838658936589,-0.5680647467311521
iq,2008,13,2008-03-25,6,25.8714285715,172.415,91.25182283510043,0.33525715,25.476652931196284,96.385,80.225,165.215,-0.8854560256532092,-0.46472317204376984
iq,2008,14,2008-04-01,6,26.779761904850012,64.05,87.27295658120963,0.216542225,25.8714285715,172.415,96.385,80.225,-0.9350162426854147,-0.35460488704253584
iq,2008,15,2008-04-08,3,27.025,62.275000000000006,91.23981930734757,0.3156607,26.779761904850012,64.05,172.415,96.385,-0.9709418174260506,-0.2393156642875637
iq,2008,16,2008-04-15,1,26.157142857000018,70.37,88.51094563170062,0.293089275,27.025,62.275000000000006,64.05,172.415,-0.9927088740980543,-0.12053668025532087
iq,2008,17,2008-04-22,3,25.45714285700002,63.975,95.97635776412214,0.317303575,26.157142857000018,70.37,62.275000000000006,64.05,-1.0,-3.674559378078648e-15
iq,2008,18,2008-04-29,1,27.06547619035002,36.66,89.46200361154436,0.10204643999999999,25.45714285700002,63.975,70.37,62.275000000000006,-0.9927088740980543,0.12053668025532062
iq,2008,19,2008-05-06,1,25.160714285500024,34.25,90.31403338469113,0.1432571,27.06547619035002,36.66,63.975,70.37,-0.970941817426054,0.2393156642875497
iq,2008,20,2008-05-13,0,24.21904761885,18.09,89.49976103554641,0.245612125,25.160714285500024,34.25,36.66,63.975,-0.9350162426854148,0.3546048870425356
iq,2008,21,2008-05-20,2,25.067857143000015,51.945,94.53927408000965,0.20906192499999998,24.21904761885,18.09,34.25,36.66,-0.8854560256532094,0.4647231720437696
iq,2008,22,2008-05-27,1,25.871428571500026,74.07,93.15223599559721,0.11721607499999998,25.067857143000015,51.945,18.09,34.25,-0.822983865893659,0.5680647467311519
iq,2008,23,2008-06-03,1,25.553571428500003,21.845,90.90405880371024,0.16773572499999997,25.871428571500026,74.07,51.945,18.09,-0.7485107481710986,0.663122658240798
iq,2008,24,2008-06-10,0,25.344629740087164,9.835,84.89286823854033,0.274173825,25.553571428500003,21.845,74.07,51.945,-0.6631226582407969,0.7485107481710996
iq,2008,25,2008-06-17,0,25.393191215182846,95.49000000000001,93.02101497082344,0.22759284999999999,25.344629740087164,9.835,21.845,74.07,-0.5680647467311566,0.8229838658936558
iq,2008,26,2008-06-24,1,25.184399435978833,91.69,91.04753590162319,0.23864585,25.393191215182846,95.49000000000001,9.835,21.845,-0.4647231720437746,0.8854560256532067
iq,2008,27,2008-07-01,0,25.506969413666795,0.65,82.54169739104671,0.26080715,25.184399435978833,91.69,95.49000000000001,9.835,-0.35460488704253423,0.9350162426854154
iq,2008,28,2008-07-08,3,25.40675901693851,0.0,82.30957180678162,0.191441075,25.506969413666795,0.65,91.69,95.49000000000001,-0.23931566428756204,0.970941817426051
iq,2008,29,2008-07-15,3,25.422483255985668,53.52,88.94420473821108,0.21626784999999998,25.40675901693851,0.0,0.65,91.69,-0.12053668025532621,0.9927088740980536
iq,2008,30,2008-07-22,1,25.38214285700001,35.230000000000004,89.86144665986305,0.282362525,25.422483255985668,53.52,0.0,0.65,5.145992478965237e-15,1.0
iq,2008,31,2008-07-29,5,26.01500000000001,40.515,87.44146581637534,0.34022085,25.38214285700001,35.230000000000004,53.52,0.0,0.12053668025532233,0.9927088740980541
iq,2008,32,2008-08-05,2,26.410714285500017,25.275000000000002,87.13008118566546,0.2156643,26.01500000000001,40.515,35.230000000000004,53.52,0.23931566428755824,0.9709418174260519
iq,2008,33,2008-08-12,5,26.62500000000001,18.515,86.72315436729009,0.44150715,26.410714285500017,25.275000000000002,40.515,35.230000000000004,0.35460488704253057,0.9350162426854167
iq,2008,34,2008-08-19,5,27.5785714285,10.39,74.26028791870468,0.31068212500000003,26.62500000000001,18.515,25.275000000000002,40.515,0.46472317204377117,0.8854560256532086
iq,2008,35,2008-08-26,5,27.41309523815002,51.1,79.20086741273829,0.31743095,27.5785714285,10.39,18.515,25.275000000000002,0.5680647467311534,0.822983865893658
iq,2008,36,2008-09-02,9,27.13571428550002,21.345000000000002,78.11487178809004,0.326733325,27.41309523815002,51.1,10.39,18.515,0.663122658240794,0.7485107481711023
iq,2008,37,2008-09-09,17,26.52976190485,51.32,88.67592055720965,0.250533325,27.13571428550002,21.345000000000002,51.1,10.39,0.7485107481710961,0.6631226582408009
iq,2008,38,2008-09-16,19,26.539285714500004,57.765,85.6974860650973,0.259833325,26.52976190485,51.32,21.345000000000002,51.1,0.8229838658936568,0.5680647467311551
iq,2008,39,2008-09-23,25,26.610714285500023,44.14,86.51139053607093,0.37536607499999997,26.539285714500004,57.765,51.32,21.345000000000002,0.8854560256532075,0.4647231720437731
iq,2008,40,2008-09-30,45,28.921616628862655,12.64,73.89299404030601,0.379975,26.610714285500023,44.14,57.765,51.32,0.9350162426854134,0.3546048870425393
iq,2008,41,2008-10-07,34,29.14523809515001,63.585,74.11532361913623,0.181369025,28.921616628862655,12.64,44.14,57.765,0.9709418174260531,0.2393156642875535
iq,2008,42,2008-10-14,63,26.6,47.144999999999996,83.83891681369019,0.2886964,29.14523809515001,63.585,12.64,44.14,0.9927088740980539,0.12053668025532452
iq,2008,43,2008-10-21,44,26.584523809650022,38.425,90.54709012120063,0.27181072500000003,26.6,47.144999999999996,63.585,12.64,1.0,2.443103791928823e-16
iq,2008,44,2008-10-28,50,27.025000000000016,21.8,88.18810308769233,0.19395715,26.584523809650022,38.425,47.144999999999996,63.585,0.9927088740980547,-0.12053668025531697
iq,2008,45,2008-11-04,35,27.099285714500017,83.425,91.88009095469386,0.479860725,27.025000000000016,21.8,38.425,47.144999999999996,0.9709418174260515,-0.2393156642875599
iq,2008,46,2008-11-11,16,27.685714285500005,51.480000000000004,83.0586283871466,0.326396425,27.099285714500017,83.425,21.8,38.425,0.9350162426854162,-0.3546048870425322
iq,2008,47,2008-11-18,16,27.56190476185,35.019999999999996,90.02082394238076,0.187224975,27.685714285500005,51.480000000000004,83.425,21.8,0.885456025653211,-0.4647231720437664
iq,2008,48,2008-11-25,13,26.335714285500007,70.055,91.65021684960129,0.27858215,27.56190476185,35.019999999999996,51.480000000000004,83.425,0.8229838658936611,-0.5680647467311489
iq,2008,49,2008-12-02,9,26.4692857145,62.515,91.47439871969385,0.172191675,26.335714285500007,70.055,35.019999999999996,51.480000000000004,0.7485107481711011,-0.6631226582407952
iq,2008,50,2008-12-09,15,27.432142857000024,40.615,83.59574409759051,0.29252775,26.4692857145,62.515,70.055,35.019999999999996,0.6631226582407996,-0.7485107481710972
iq,2008,51,2008-12-16,4,27.466071428500022,60.96,86.71427906318416,0.209896425,27.432142857000024,40.615,62.515,70.055,0.5680647467311596,-0.8229838658936538
iq,2008,52,2008-12-23,0,27.85071428550001,27.805,77.65707341025336,0.22749999999999998,27.466071428500022,60.96,40.615,62.515,0.4647231720437653,-0.8854560256532116
iq,2009,1,2009-01-01,1,27.52177829065623,35.25188041889373,80.26377648056345,0.146421425,27.85071428550001,27.805,60.96,40.615,0.3546048870425377,-0.9350162426854141
iq,2009,2,2009-01-08,10,26.561904761850023,69.19,91.39406747748987,0.20911834999999998,27.52177829065623,35.25188041889373,27.805,60.96,0.2393156642875587,-0.9709418174260518
iq,2009,3,2009-01-15,11,25.72214285700002,72.41499999999999,96.39713196297004,0.214521425,26.561904761850023,69.19,35.25188041889373,27.805,0.12053668025532986,-0.9927088740980532
iq,2009,4,2009-01-22,29,25.965476190350003,43.68,89.54171314157489,0.2011,25.72214285700002,72.41499999999999,69.19,35.25188041889373,-1.4708141202500005e-15,-1.0
iq,2009,5,2009-01-29,35,26.650000000000016,93.17,91.07220412758596,0.17315415,25.965476190350003,43.68,72.41499999999999,69.19,-0.12053668025531868,-0.9927088740980545
iq,2009,6,2009-02-05,30,26.254761904850024,96.58,94.61125264502775,0.255896425,26.650000000000016,93.17,43.68,72.41499999999999,-0.23931566428755469,-0.9709418174260528
iq,2009,7,2009-02-12,20,26.710714285500007,37.254999999999995,90.73299913457959,0.151207125,26.254761904850024,96.58,93.17,43.68,-0.3546048870425338,-0.9350162426854155
iq,2009,8,2009-02-19,21,26.782142857000004,118.1,88.83920853815718,0.17702497499999997,26.710714285500007,37.254999999999995,96.58,93.17,-0.4647231720437679,-0.8854560256532102
iq,2009,9,2009-02-26,12,26.147142857000013,115.77,90.95024172293287,0.29939417500000004,26.782142857000004,118.1,37.254999999999995,96.58,-0.5680647467311504,-0.8229838658936601
iq,2009,10,2009-03-05,9,27.12500000000001,53.83,90.79484886915176,0.355839275,26.147142857000013,115.77,118.1,37.254999999999995,-0.6631226582407912,-0.7485107481711046
iq,2009,11,2009-03-12,11,26.082142857,48.9,95.32093365001249,0.202428575,27.12500000000001,53.83,115.77,118.1,-0.7485107481711031,-0.663122658240793
iq,2009,12,2009-03-19,9,26.45000000000001,60.49,92.87294803103939,0.19127439999999998,26.082142857,48.9,53.83,115.77,-0.8229838658936547,-0.5680647467311583
iq,2009,13,2009-03-26,5,26.835714285500018,72.89,91.43176441601074,0.2629476,26.45000000000001,60.49,48.9,53.83,-0.8854560256532091,-0.46472317204377006
iq,2009,14,2009-04-02,11,26.59285714300001,75.085,92.9775453244739,0.0841553575,26.835714285500018,72.89,60.49,48.9,-0.9350162426854146,-0.35460488704253607
iq,2009,15,2009-04-09,3,26.44166666665,134.185,86.36326513179,0.144614275,26.59285714300001,75.085,72.89,60.49,-0.9709418174260522,-0.23931566428755705
iq,2009,16,2009-04-16,5,25.685714285500023,93.535,94.37267970892265,0.198392875,26.44166666665,134.185,75.085,72.89,-0.9927088740980534,-0.12053668025532815
iq,2009,17,2009-04-23,5,25.964285714500015,46.97,94.33531194420496,0.211146425,25.685714285500023,93.535,134.185,75.085,-1.0,-3.919488737908119e-15
iq,2009,18,2009-04-30,4,26.160714285500017,65.345,92.22785382589524,0.295667875,25.964285714500015,46.97,93.535,134.185,-0.9927088740980543,0.12053668025532038
iq,2009,19,2009-05-07,4,26.746428571500008,37.365,91.74889491217999,0.23209997500000001,26.160714285500017,65.345,46.97,93.535,-0.9709418174260523,0.23931566428755635
iq,2009,20,2009-05-14,1,26.966071428500022,24.854999999999997,89.0975574754234,0.226460725,26.746428571500008,37.365,65.345,46.97,-0.9350162426854174,0.35460488704252874
iq,2009,21,2009-05-21,0,27.360714285500013,58.48,86.43246186525931,0.275578575,26.966071428500022,24.854999999999997,37.365,65.345,-0.8854560256532095,0.4647231720437694
iq,2009,22,2009-05-28,2,25.985714285500013,29.67,95.22790256445975,0.197825625,27.360714285500013,58.48,24.854999999999997,37.365,-0.8229838658936551,0.5680647467311576
iq,2009,23,2009-06-04,3,25.864285714500017,27.63638625762492,93.37876919055205,0.10754999750000001,25.985714285500013,29.67,58.48,24.854999999999997,-0.7485107481711035,0.6631226582407924
iq,2009,24,2009-06-11,3,23.647619047850014,16.32,91.66855959218876,0.171964275,25.864285714500017,27.63638625762492,29.67,58.48,-0.6631226582407971,0.7485107481710995
iq,2009,25,2009-06-18,5,25.607142857000007,32.16,90.08843176750898,0.336010725,23.647619047850014,16.32,27.63638625762492,29.67,-0.5680647467311568,0.8229838658936557
iq,2009,26,2009-06-25,2,26.373214285500012,91.125,90.54295642293096,0.22906725,25.607142857000007,32.16,16.32,27.63638625762492,-0.46472317204376856,0.8854560256532099
iq,2009,27,2009-07-02,1,26.06071428550002,41.075,90.36259437609938,0.20145712500000001,26.373214285500012,91.125,32.16,16.32,-0.3546048870425411,0.9350162426854127
iq,2009,28,2009-07-09,2,25.721428571500002,46.7,92.45969868373516,0.32637797500000004,26.06071428550002,41.075,91.125,32.16,-0.23931566428755538,0.9709418174260526
iq,2009,29,2009-07-16,0,25.66964285700002,52.045,90.95632243538287,0.27186785,25.721428571500002,46.7,41.075,91.125,-0.12053668025532646,0.9927088740980535
iq,2009,30,2009-07-23,0,25.882142857000026,28.11,83.56487813061088,0.23148332500000002,25.66964285700002,52.045,46.7,41.075,-2.204364238465236e-15,1.0
iq,2009,31,2009-07-30,3,26.04285714300002,41.885000000000005,86.23613499863868,0.1447464,25.882142857000026,28.11,52.045,46.7,0.12053668025531503,0.992708874098055
iq,2009,32,2009-08-06,5,26.8517857145,23.229062920281773,83.0762317778044,0.408483325,26.04285714300002,41.885000000000005,28.11,52.045,0.23931566428755802,0.970941817426052
iq,2009,33,2009-08-13,5,27.267857143000022,27.665,81.80625159297259,0.37932855,26.8517857145,23.229062920281773,41.885000000000005,28.11,0.354604887042537,0.9350162426854143
iq,2009,34,2009-08-20,7,27.638571428500004,3.76,76.49346034075518,0.23850355,27.267857143000022,27.665,23.229062920281773,41.885000000000005,0.4647231720437646,0.8854560256532119
iq,2009,35,2009-08-27,5,28.3857142855,61.515,82.41446739806506,0.22368215000000002,27.638571428500004,3.76,27.665,23.229062920281773,0.568064746731159,0.8229838658936541
iq,2009,36,2009-09-03,2,26.450000000000006,65.25999999999999,91.68390823715077,0.50398215,28.3857142855,61.515,3.76,27.665,0.6631226582407937,0.7485107481711024
iq,2009,37,2009-09-10,2,28.38333333335001,9.92,71.6205221874892,0.22202917500000002,26.450000000000006,65.25999999999999,61.515,3.76,0.7485107481711006,0.6631226582407957
iq,2009,38,2009-09-17,2,28.25714285700001,20.485,73.57357898485354,0.2706038,28.38333333335001,9.92,65.25999999999999,61.515,0.8229838658936526,0.5680647467311613
iq,2009,39,2009-09-24,0,28.372619047850016,43.39,78.5718421470379,0.28026785,28.25714285700001,20.485,9.92,65.25999999999999,0.8854560256532107,0.464723172043767
iq,2009,40,2009-10-01,2,27.18571428550002,45.14,87.02464023690548,0.23704282500000004,28.372619047850016,43.39,20.485,9.92,0.9350162426854134,0.3546048870425395
iq,2009,41,2009-10-08,1,27.3092857145,24.99,85.08782634435323,0.265432125,27.18571428550002,45.14,43.39,20.485,0.9709418174260513,0.23931566428756063
iq,2009,42,2009-10-15,1,27.80000000000001,20.845,75.31259118588619,0.288825,27.3092857145,24.99,45.14,43.39,0.992708874098053,0.1205366802553318
iq,2009,43,2009-10-22,2,27.434523809649995,109.845,86.26148239177434,0.3323107,27.80000000000001,20.845,24.99,45.14,1.0,4.892397390223529e-16
iq,2009,44,2009-10-29,2,27.360714285500016,44.29,89.6815074914315,0.2769982,27.434523809649995,109.845,20.845,24.99,0.9927088740980539,-0.12053668025532378
iq,2009,45,2009-11-05,3,28.59761904785001,24.645,86.20144036568766,0.3461006,27.360714285500016,44.29,109.845,20.845,0.9709418174260532,-0.23931566428755277
iq,2009,46,2009-11-12,9,28.787857142999997,92.215,79.67388334109091,0.399196425,28.59761904785001,24.645,44.29,109.845,0.9350162426854137,-0.3546048870425386
iq,2009,47,2009-11-19,5,28.75000000000001,34.41,76.18038032832972,0.37450000000000006,28.787857142999997,92.215,24.645,44.29,0.8854560256532111,-0.4647231720437662
iq,2009,48,2009-11-26,5,27.948809523650013,27.585,85.6974217462775,0.32673452499999994,28.75000000000001,34.41,92.215,24.645,0.8229838658936572,-0.5680647467311546
iq,2009,49,2009-12-03,4,27.405357143000014,61.225,87.76721056970314,0.355,27.948809523650013,27.585,34.41,92.215,0.748510748171106,-0.6631226582407896
iq,2009,50,2009-12-10,4,28.039285714500004,63.760000000000005,83.10724884707115,0.227875,27.405357143000014,61.225,27.585,34.41,0.6631226582407944,-0.7485107481711017
iq,2009,51,2009-12-17,1,27.200000000000024,67.655,89.69751211244152,0.22549285,28.039285714500004,63.760000000000005,61.225,27.585,0.5680647467311598,-0.8229838658936536
iq,2009,52,2009-12-24,0,26.117857143000016,64.995,93.7904280188953,0.24723715000000002,27.200000000000024,67.655,63.760000000000005,61.225,0.4647231720437718,-0.8854560256532081
iq,2010,53,2010-01-01,0,27.095180532928524,47.11599970012202,81.10822884958696,0.20859049155252107,26.117857143000016,64.995,67.655,63.760000000000005,0.3546048870425313,-0.9350162426854165
iq,2010,1,2010-01-08,10,27.985714285500013,34.079005123732145,74.05664056999407,0.150753575,27.095180532928524,47.11599970012202,64.995,67.655,0.23931566428755896,-0.9709418174260518
iq,2010,2,2010-01-15,9,27.309523809650017,23.995,84.78639773385142,0.14760715,27.985714285500013,34.079005123732145,47.11599970012202,64.995,0.12053668025532305,-0.992708874098054
iq,2010,3,2010-01-22,17,28.136904761850015,9.92,83.0493651176592,0.243178575,27.309523809650017,23.995,34.079005123732145,47.11599970012202,5.879542597180472e-15,-1.0
iq,2010,4,2010-01-29,16,27.132142857000012,152.255,87.57124884752162,0.243507125,28.136904761850015,9.92,23.995,34.079005123732145,-0.12053668025532549,-0.9927088740980538
iq,2010,5,2010-02-05,11,27.49642857150001,54.805,85.92072770114709,0.142368475,27.132142857000012,152.255,9.92,23.995,-0.23931566428755444,-0.9709418174260529
iq,2010,6,2010-02-12,12,26.764285714500005,46.375,92.36676192016009,0.20559282500000003,27.49642857150001,54.805,152.255,9.92,-0.35460488704253357,-0.9350162426854156
iq,2010,7,2010-02-19,19,27.550000000000004,46.545,83.96254585934896,0.25360715,26.764285714500005,46.375,54.805,152.255,-0.4647231720437614,-0.8854560256532137
iq,2010,8,2010-02-26,15,27.67785714300002,57.285,90.43862525964761,0.28062855,27.550000000000004,46.545,46.375,54.805,-0.568064746731156,-0.8229838658936562
iq,2010,9,2010-03-05,12,27.50714285700002,45.24,93.92598901588565,0.142927525,27.67785714300002,57.285,46.545,46.375,-0.663122658240791,-0.7485107481711049
iq,2010,10,2010-03-12,12,27.74642857150001,51.14,92.6703693237516,0.31795,27.50714285700002,45.24,57.285,46.545,-0.7485107481710982,-0.6631226582407985
iq,2010,11,2010-03-19,16,28.889285714500005,72.05,91.26579105548225,0.29217142500000004,27.74642857150001,51.14,45.24,57.285,-0.8229838658936587,-0.5680647467311526
iq,2010,12,2010-03-26,9,27.308333333350017,35.644999999999996,89.03462932393103,0.289815475,28.889285714500005,72.05,51.14,45.24,-0.885456025653209,-0.4647231720437703
iq,2010,13,2010-04-02,4,27.748809523650024,32.9,83.43845492639709,0.18559405,27.308333333350017,35.644999999999996,72.05,51.14,-0.9350162426854146,-0.3546048870425363
iq,2010,14,2010-04-09,9,28.160714285500013,50.43712997028091,91.7246774449003,0.244496425,27.748809523650024,32.9,35.644999999999996,72.05,-0.9709418174260505,-0.23931566428756418
iq,2010,15,2010-04-16,6,26.778571428499998,17.665,89.77092153148834,0.15855,28.160714285500013,50.43712997028091,32.9,35.644999999999996,-0.9927088740980542,-0.12053668025532135
iq,2010,16,2010-04-23,8,27.10357142850002,68.9,92.84938907467085,0.27555712499999996,26.778571428499998,17.665,50.43712997028091,32.9,-1.0,-4.164418097737589e-15
iq,2010,17,2010-04-30,4,27.864285714500017,30.7,84.27243047844468,0.278685725,27.10357142850002,68.9,17.665,50.43712997028091,-0.9927088740980543,0.12053668025532013
iq,2010,18,2010-05-07,2,26.517857143000004,41.035,93.7679304553005,0.278664275,27.864285714500017,30.7,68.9,17.665,-0.9709418174260541,0.2393156642875492
iq,2010,19,2010-05-14,7,26.092857143000014,45.7,95.2581737465978,0.151464275,26.517857143000004,41.035,30.7,68.9,-0.9350162426854149,0.3546048870425352
iq,2010,20,2010-05-21,6,25.595238095150016,1.825,75.36819839036956,0.2595857,26.092857143000014,45.7,41.035,30.7,-0.8854560256532129,0.4647231720437629
iq,2010,21,2010-05-28,5,28.127380952150013,41.15,83.94579423815105,0.3026268,25.595238095150016,1.825,45.7,41.035,-0.8229838658936593,0.5680647467311516
iq,2010,22,2010-06-04,8,26.838095238150018,61.535,87.74801510704872,0.17055712499999998,28.127380952150013,41.15,1.825,45.7,-0.748510748171099,0.6631226582407976
iq,2010,23,2010-06-11,1,24.421428571500012,33.17,91.21182822455546,0.2192964,26.838095238150018,61.535,41.15,1.825,-0.6631226582407972,0.7485107481710993
iq,2010,24,2010-06-18,1,24.90238095215001,37.835,91.11615605860021,0.296014275,24.421428571500012,33.17,61.535,41.15,-0.568064746731157,0.8229838658936556
iq,2010,25,2010-06-25,4,27.080357143000004,41.81,83.84153836405306,0.280282125,24.90238095215001,37.835,33.17,61.535,-0.46472317204377506,0.8854560256532065
