ds_h_dt,di_h_dt,dr_h_dt
3.1695833335732004e-06,-3.3333333333333422e-06,1.637499999762593e-07
9.930167750860086e-07,-1.239177489177499e-06,2.461607142706379e-07
-2.492698412570604e-06,2.1031746031745946e-06,3.895238095269482e-07
-4.243577742257809e-06,3.753607503607501e-06,4.899702380489757e-07
-2.61347673219392e-06,2.0887445887445898e-06,5.247321427995222e-07
1.175974025935389e-07,-6.168831168831158e-07,4.992857142865903e-07
5.460119047451251e-07,-1.011904761904759e-06,4.658928571474319e-07
-3.3446536796266635e-06,2.786796536796533e-06,5.57857142854945e-07
-5.784345238069033e-06,5.0595238095238e-06,7.248214285715537e-07
-6.264339826866916e-06,5.362554112554108e-06,9.017857142828988e-07
-9.700173160154256e-06,8.517316017316004e-06,1.1828571428590395e-06
-1.2418409090886318e-05,1.0876623376623354e-05,1.541785714286037e-06
-7.467002164474046e-06,5.735930735930728e-06,1.731071428569264e-06
-4.3638798700729176e-06,2.5487012987012943e-06,1.815178571430709e-06
-5.974009740228325e-06,4.025974025974022e-06,1.9480357142873106e-06
-9.606098484882253e-06,7.413419913419908e-06,2.192678571426298e-06
-1.001843614728548e-05,7.575757575757566e-06,2.4426785714265487e-06
-7.831271645053484e-06,5.216450216450206e-06,2.614821428575942e-06
-8.595936147159922e-06,5.790043290043287e-06,2.8058928571439434e-06
-7.383961038942566e-06,4.43181818181818e-06,2.952142857136353e-06
-1.2644902597447327e-05,9.38311688311686e-06,3.261785714275822e-06
-1.7907132034644668e-05,1.4177489177489162e-05,3.729642857150384e-06
-1.520555735934348e-05,1.1109307359307336e-05,4.096250000001911e-06
-1.3761060606076736e-05,9.356060606060584e-06,4.404999999998993e-06
-1.145377164496475e-05,6.8235930735930695e-06,4.6301785714339405e-06
-8.224437229420456e-06,3.4794372294372244e-06,4.744999999993504e-06
8.336471861158934e-07,-5.400432900432904e-06,4.566785714275878e-06
1.0771699134215496e-05,-1.4848484848484838e-05,4.0767857142839925e-06
8.690378787923336e-06,-1.235930735930734e-05,3.6689285714403e-06
1.3307375541171672e-05,-1.6433982683982652e-05,3.1266071428559528e-06
1.794704004332015e-05,-2.040043290043285e-05,2.4533928571421337e-06
1.1895692640651044e-05,-1.3890692640692618e-05,1.995000000004632e-06
-1.6201298747020587e-08,-1.915584415584412e-06,1.931785714281986e-06
-9.271228354978955e-06,7.104978354978339e-06,2.166250000004699e-06
-5.877895021599855e-06,3.593073593073581e-06,2.284821428576167e-06
-2.732007575778628e-06,4.329004329004337e-07,2.299107142847423e-06
-6.4451839826285e-07,-1.601731601731596e-06,2.2462499999903462e-06
3.991996753327509e-06,-6.038961038961026e-06,2.046964285719321e-06
5.901769480509689e-06,-7.694805194805184e-06,1.793035714292568e-06
4.288695887366689e-06,-5.887445887445879e-06,1.598749999991156e-06
-1.17392316018039e-06,-4.112554112554117e-07,1.5851785714199318e-06
-1.182711038938411e-06,-3.896103896103897e-07,1.5723214285764953e-06
3.357905844103559e-06,-4.772727272727265e-06,1.4148214285761296e-06
6.254653679427236e-07,-1.975108225108224e-06,1.3496428571471708e-06
-2.2440151514757645e-06,8.65800865800864e-07,1.3782142857174384e-06
-2.663874458908033e-06,1.244588744588746e-06,1.4192857142880657e-06
-2.2801190476817723e-06,8.33333333333331e-07,1.4467857142874685e-06
-1.2623214284968045e-06,-1.7857142857142665e-07,1.4408928571407742e-06
-1.9995129862948602e-07,-1.2012987012986986e-06,1.4012499999979666e-06
2.4948593073670366e-06,-3.7716450216450175e-06,1.2767857142798045e-06
3.021791125545903e-06,-4.161255411255405e-06,1.139464285711267e-06
-1.4357251082453004e-06,2.8679653679653335e-07,1.1489285714344488e-06
-4.2624621212628e-06,3.0140692640692576e-06,1.2483928571449532e-06
-4.250129870153607e-06,2.905844155844151e-06,1.3442857142859088e-06
-3.675243506473525e-06,2.256493506493504e-06,1.4187500000026332e-06
-1.597624458893332e-06,1.731601731601762e-07,1.4244642857069725e-06
6.661309523980918e-07,-2.0238095238095254e-06,1.3576785714217166e-06
1.7893939394109104e-06,-3.046536796536794e-06,1.2571428571472865e-06
2.672505411249748e-06,-3.804112554112541e-06,1.1316071428651986e-06
-4.893560606067382e-06,3.6417748917748895e-06,1.2517857142929634e-06
-1.6841812770562736e-05,1.509199134199132e-05,1.7498214285732727e-06
-2.7463024891760668e-05,2.489177489177486e-05,2.571249999999692e-06
-3.5864258657980486e-05,3.222943722943718e-05,3.634821428566415e-06
-3.2953463203477806e-05,2.8382034632034582e-05,4.571428571423231e-06
-2.4163771645047127e-05,1.89664502164502e-05,5.197321428569712e-06
-1.7215449134189154e-05,1.1634199134199125e-05,5.5812499999974285e-06
-6.593008658017929e-06,9.794372294372178e-07,5.613571428565722e-06
-1.4898273809516027e-05,8.988095238095218e-06,5.910178571433278e-06
-3.097496212117745e-05,2.4264069264069235e-05,6.710892857149375e-06
-4.022190476193899e-05,3.244047619047614e-05,7.781428571426718e-06
-4.779340909089047e-05,3.873376623376617e-05,9.05964285714128e-06
-4.131294372294869e-05,3.122294372294367e-05,1.0089999999990384e-05
-3.393061147194398e-05,2.307900432900429e-05,1.0851607142856046e-05
-2.421688311682324e-05,1.293831168831168e-05,1.127857142857458e-05
-5.565768398219095e-06,-5.530303030303009e-06,1.1096071428573495e-05
-9.84954004329408e-06,-1.2067099567099728e-06,1.105625000000221e-05
-2.437121753245952e-05,1.288961038961036e-05,1.1481607142857508e-05
-2.25606439394066e-05,1.0725108225108212e-05,1.1835535714294076e-05
-1.0482797619060236e-05,-1.3095238095237884e-06,1.179232142857478e-05
1.1752029220712943e-05,-2.279220779220775e-05,1.1040178571425365e-05
2.669115259740229e-05,-3.652597402597398e-05,9.834821428564289e-06
3.137338203462736e-05,-3.989177489177484e-05,8.518392857141677e-06
2.906760281384813e-05,-3.638528138528135e-05,7.317678571434893e-06
8.233219697006966e-06,-1.5054112554112523e-05,6.820892857146987e-06
-1.2477797619092623e-05,5.476190476190457e-06,7.00160714284942e-06
-8.26490800864832e-06,1.222943722943714e-06,7.041964285706137e-06
-1.1894155843572565e-06,-5.665584415584401e-06,6.855000000006994e-06
1.2027435064898562e-05,-1.827922077922076e-05,6.251785714291025e-06
2.880201839827734e-05,-3.393398268398262e-05,5.131964285719215e-06
2.1525919913500943e-05,-2.5806277056277e-05,4.280357142859292e-06
6.524778138561338e-06,-1.0459956709956688e-05,3.935178571418119e-06
-6.315909090726102e-07,-3.198051948051945e-06,3.8296428571393815e-06
-2.0184523813471245e-07,-3.511904761904761e-06,3.713750000008953e-06
6.107575757530181e-06,-9.507575757575746e-06,3.399999999993686e-06
1.882386363616373e-06,-5.113636363636357e-06,3.2312499999992417e-06
2.626888528145521e-06,-5.670995670995662e-06,3.0441071428646822e-06
1.0488863636304302e-05,-1.3100649350649336e-05,2.6117857142848866e-06
6.672916666616846e-06,-8.988095238095225e-06,2.31517857142427e-06
5.97121212142504e-07,-2.8192640692640628e-06,2.2221428571458923e-06
-1.23274350649627e-06,-9.577922077922091e-07,2.1905357142915083e-06
-1.7042207791639896e-06,-4.7077922077922406e-07,2.174999999986216e-06
-4.421536796139769e-07,-1.6774891774891764e-06,2.1196428571373938e-06
2.6850649315068864e-08,-2.0779220779220703e-06,2.0510714285743026e-06
1.012153679647021e-06,-2.9653679653679564e-06,1.9532142857131563e-06
2.177667748959333e-06,-3.998917748917746e-06,1.8212500000058809e-06
1.5214664502161137e-06,-3.235930735930735e-06,1.7144642857208623e-06
-3.0783820346713675e-06,1.3203463203463198e-06,1.7580357142832348e-06
-7.744740259718608e-06,5.7954545454545336e-06,1.9492857142866526e-06
-7.852142857089905e-06,5.714285714285699e-06,2.137857142862909e-06
-6.363766233807855e-06,4.090909090909088e-06,2.272857142854301e-06
-5.911834415617268e-06,3.5227272727272684e-06,2.3891071428486232e-06
-5.245508657991671e-06,2.765151515151518e-06,2.4803571428561044e-06
-1.720140692607064e-06,-7.359307359307353e-07,2.456071428576234e-06
-2.170990259675598e-06,-2.759740259740325e-07,2.446964285710007e-06
-9.233014069298662e-06,6.569264069264066e-06,2.663749999999576e-06
-1.6705395021743286e-05,1.3593073593073574e-05,3.112321428577758e-06
-1.9993598484868705e-05,1.6341991341991317e-05,3.651607142857172e-06
-2.2679377705558945e-05,1.84199134199134e-05,4.2594642857135545e-06
-2.68479545454392e-05,2.186688311688308e-05,4.981071428572514e-06
-2.406474025978822e-05,1.8474025974025932e-05,5.590714285713672e-06
-8.603630952397356e-06,2.916666666666679e-06,5.686964285718521e-06
-1.1312554112352655e-06,-4.4101731601731375e-06,5.541428571426144e-06
-3.993046536754363e-06,-1.49891774891776e-06,5.491964285710138e-06
-3.675270562775168e-06,-1.7586580086580242e-06,5.433928571427216e-06
-1.6272564935526646e-06,-3.685064935064923e-06,5.312321428571631e-06
4.425156926390894e-06,-9.426406926406904e-06,5.001249999997404e-06
8.347256493457245e-06,-1.2922077922077898e-05,4.574821428571241e-06
7.63336038961393e-06,-1.1818181818181797e-05,4.184821428582231e-06
5.396141774971497e-06,-9.274891774891771e-06,3.878750000005371e-06
-4.745173160181082e-06,8.38744588744578e-07,3.9064285714263125e-06
-1.2375016233745484e-05,8.198051948051944e-06,4.176964285701468e-06
-8.799751082255725e-06,4.47510822510821e-06,4.324642857142513e-06
-1.9154274891741707e-06,-2.332251082251091e-06,4.247678571434044e-06
8.899594155897805e-06,-1.2727272727272691e-05,3.8276785714330686e-06
1.6100054112566653e-05,-1.9291125541125512e-05,3.191071428571002e-06
1.337717532462479e-05,-1.6038961038961015e-05,2.661785714279385e-06
4.9012499999667725e-06,-7.321428571428556e-06,2.420178571424514e-06
-4.689648268385582e-06,2.1969696969696914e-06,2.4926785714349253e-06
-8.216661255389113e-06,5.54112554112553e-06,2.675535714286026e-06
-2.51343073592869e-06,-1.569264069264012e-07,2.6703571428532413e-06
4.9765259739764645e-06,-7.402597402597383e-06,2.426071428578147e-06
7.641206709985138e-06,-9.745670995670989e-06,2.1044642857098728e-06
7.247316017311434e-06,-9.053030303030296e-06,1.805714285707527e-06
7.0709307359306806e-06,-8.593073593073578e-06,1.52214285714658e-06
5.772581168850266e-06,-7.061688311688298e-06,1.2891071428586254e-06
2.349870129814136e-06,-3.522727272727265e-06,1.1728571428504253e-06
5.879383117024517e-07,-1.7045454545454522e-06,1.116607142859216e-06
3.931006493540501e-06,-4.886363636363632e-06,9.553571428608245e-07
7.222559523789584e-06,-7.916666666666655e-06,6.941071428595569e-07
5.175211038932481e-06,-5.681818181818171e-06,5.066071428541652e-07
-1.686060606076456e-06,1.1417748917748898e-06,5.44285714283721e-07
-5.312408008661951e-06,4.615800865800857e-06,6.96607142858241e-07
-3.832499999967265e-06,3.03571428571428e-06,7.96785714289594e-07
-3.642007575743733e-06,2.754329004329002e-06,8.876785714262425e-07
-5.90734307365226e-06,4.859307359307353e-06,1.0480357142822472e-06
-4.22305735930939e-06,3.0735930735930665e-06,1.1494642857198811e-06
-2.9605681817757024e-06,1.7532467532467537e-06,1.2073214285673872e-06
-2.694215367915476e-06,1.439393939393941e-06,1.254821428570141e-06
-3.5466504328951487e-06,2.218614718614713e-06,1.3280357142875232e-06
-4.754599567113882e-06,3.3170995670995626e-06,1.437499999999703e-06
-1.6499134198877383e-06,2.0562770562770584e-07,1.4442857142818457e-06
-1.0272727274385218e-07,-1.2987012987012978e-06,1.401428571426444e-06
-2.4243668831358534e-06,9.90259740259739e-07,1.4341071428586316e-06
-1.456466450222571e-06,2.1645021645022024e-08,1.4348214285725414e-06
-2.0552922077587965e-06,6.006493506493493e-07,1.4546428571474146e-06
-5.278084415527573e-06,3.701298701298695e-06,1.5767857142884312e-06
-3.14752705626864e-06,1.5205627705627684e-06,1.6269642857114075e-06
-1.912045454577349e-06,2.759740259740291e-07,1.6360714285706957e-06
-2.9720400433475014e-06,1.2932900432900406e-06,1.6787499999976196e-06
-4.652537878790941e-06,2.8787878787878683e-06,1.773750000003127e-06
-4.8872835497482114e-06,3.014069264069261e-06,1.8732142857205705e-06
-2.560762987047216e-06,6.655844155844188e-07,1.895178571423295e-06
-1.8951785714649283e-06,0.0,1.8951785714302336e-06
-2.9628354978883387e-06,1.033549783549783e-06,1.929285714290241e-06
-2.2143668831353658e-06,2.7597402597402573e-07,1.93839285714259e-06
-3.520313852756196e-06,1.531385281385276e-06,1.98892857142946e-06
-8.858825757573907e-06,6.650432900432893e-06,2.208392857139252e-06
-1.631152597403318e-05,1.3652597402597386e-05,2.6589285714306854e-06
-1.687944805189856e-05,1.3766233766233737e-05,3.113214285713206e-06
-7.730411255402192e-06,4.469696969696963e-06,3.2607142857118965e-06
-1.8632575757848717e-06,-1.352813852813846e-06,3.21607142857866e-06
1.5185119047744775e-06,-4.583333333333334e-06,3.064821428575004e-06
1.7480194805519211e-06,-4.659090909090901e-06,2.9110714285726647e-06
-2.950324675121685e-07,-2.5324675324675227e-06,2.827499999996652e-06
1.3592803030371137e-06,-4.053030303030298e-06,2.6937499999907244e-06
-1.391320346322278e-06,-1.260822510822511e-06,2.652142857141604e-06
-1.4279707792330676e-06,-1.1850649350649304e-06,2.6130357142911675e-06
3.6755194804949376e-06,-6.087662337662334e-06,2.412142857143029e-06
7.740584415105722e-07,-3.084415584415588e-06,2.310357142862318e-06
-5.591585497843887e-06,3.1764069264069296e-06,2.4151785714340845e-06
-7.99382575755736e-06,5.400432900432897e-06,2.593392857137833e-06
-6.701915584383933e-06,3.977272727272717e-06,2.7246428571381376e-06
-3.76994047612822e-06,1.011904761904761e-06,2.758035714277296e-06
-4.1275432900445e-06,1.325757575757577e-06,2.8017857142750846e-06
-2.2036742424735856e-06,-5.790043290043273e-07,2.782678571427999e-06
8.283495671057572e-07,-3.495670995670993e-06,2.667321428576064e-06
2.1399296536994683e-06,-4.653679653679647e-06,2.5137500000022017e-06
1.292922077900105e-06,-3.68506493506493e-06,2.392142857146617e-06
4.019388528064827e-06,-6.206709956709952e-06,2.1873214285789144e-06
8.606634199159746e-06,-1.044913419913418e-05,1.842499999994696e-06
6.139772727342674e-06,-7.727272727272714e-06,1.5874999999970774e-06
3.493652597386099e-06,-4.918831168831165e-06,1.4251785714347598e-06
2.629491341887835e-07,-1.6341991341991324e-06,1.3712499999998795e-06
-7.395995670900213e-07,-6.114718614718569e-07,1.3510714285680514e-06
4.544426406849489e-07,-1.7478354978354965e-06,1.293392857142084e-06
-3.506964285748815e-06,2.14285714285714e-06,1.364107142860782e-06
-8.21723484845105e-06,6.6341991341991285e-06,1.5830357142920803e-06
-1.0549117965330534e-05,8.679653679653662e-06,1.8694642857156048e-06
-1.0243024891776198e-05,8.106060606060592e-06,2.136964285706644e-06
-7.832997835521827e-06,5.514069264069261e-06,2.318928571429235e-06
-1.1447115800866658e-05,8.836580086580077e-06,2.6105357142924834e-06
-1.1325075757573355e-05,8.436147186147173e-06,2.8889285714275847e-06
-7.740898268382423e-06,4.6969696969696844e-06,3.0439285714223274e-06
-7.85117965362847e-06,4.653679653679647e-06,3.1974999999892506e-06
-1.3097083333413195e-05,9.58333333333332e-06,3.513750000003202e-06
-2.3435892857193164e-05,1.9285714285714265e-05,4.150178571429852e-06
-2.436299242425388e-05,1.9567099567099544e-05,4.795892857137329e-06
-1.9497137445922963e-05,1.4231601731601712e-05,5.265535714296665e-06
-1.8027110389562395e-05,1.2353896103896078e-05,5.673214285711881e-06
-2.7277895021604603e-05,2.091450216450212e-05,6.363392857131056e-06
-4.131099025972418e-05,3.383116883116878e-05,7.4798214285826115e-06
-6.172909090912393e-05,5.25162337662337e-05,9.212857142865127e-06
-8.885670995673056e-05,7.7099567099567e-05,1.175714285713697e-05
-0.0001232630086579,0.0001079437229437,1.5319285714285313e-05
-0.0001536060119047,0.000133869047619,1.9736964285713143e-05
-0.0001763583225108,0.0001516179653679,2.474035714285228e-05
-0.0001753302922077,0.0001457792207792,2.955107142856711e-05
-0.0001298213852813,9.706709956709952e-05,3.2754285714295395e-05
-6.295612012985341e-05,2.9237012987012824e-05,3.371910714286552e-05
-2.3713317099605117e-05,-9.686147186147236e-06,3.33994642857105e-05
-2.4374134199312003e-06,-2.9972943722943613e-05,3.241035714285356e-05
4.091212121248855e-06,-3.5335497835497815e-05,3.124428571428528e-05
-1.1467478354953986e-05,-1.914502164502164e-05,3.061249999999904e-05
-2.019865259739184e-05,-1.0081168831168828e-05,3.0279821428572107e-05
4.706904761897501e-06,-3.386904761904755e-05,2.9162142857142023e-05
8.066118506488973e-05,-0.0001063149350649,2.5653749999993147e-05
0.0001249585443722,-0.0001458008658008,2.0842321428571345e-05
0.0001123353030303,-0.0001289231601731,1.6587857142855156e-05
9.674029220779756e-05,-0.0001097077922077,1.2967500000002352e-05
7.43679545454623e-05,-8.454545454545444e-05,1.0177500000006778e-05
4.586610389617496e-05,-5.42532467532467e-05,8.387142857141372e-06
3.149068181818038e-05,-3.860389610389604e-05,7.113214285710268e-06
3.1780800865743863e-05,-3.76515151515151e-05,5.870714285718948e-06
4.397936147182424e-05,-4.8257575757575685e-05,4.278214285717563e-06
3.287177489175175e-05,-3.5963203463203406e-05,3.091428571425081e-06
1.508109848491479e-05,-1.7591991341991327e-05,2.510892857139624e-06
1.3196520562808178e-05,-1.5205627705627676e-05,2.0091071428612883e-06
1.179776515147779e-05,-1.3365800865800844e-05,1.568035714286098e-06
8.929659090939346e-06,-1.0162337662337647e-05,1.232678571425061e-06
3.3062608225664647e-06,-4.393939393939386e-06,1.0876785714319936e-06
-1.3783495671493284e-06,2.813852813852796e-07,1.0969642857128203e-06
-1.8571807359757384e-06,7.359307359307319e-07,1.1212499999996297e-06
1.891666666642422e-06,-2.9166666666666653e-06,1.025000000001719e-06
2.1276623376476067e-06,-3.051948051948046e-06,9.242857142849336e-07
2.138939393991901e-06,-2.96536796536796e-06,8.264285714237873e-07
5.5124350649693454e-06,-6.136363636363627e-06,6.23928571426291e-07
5.742884199078091e-06,-6.163419913419904e-06,4.2053571429334646e-07
4.610308441510558e-06,-4.8701298701298615e-06,2.598214285803868e-07
-6.287499999535484e-07,3.571428571428567e-07,2.716071428529588e-07
-5.58753246748811e-06,5.146103896103887e-06,4.414285714252064e-07
-3.376087662321225e-06,2.8409090909090878e-06,5.351785714313717e-07
-2.458079004397096e-06,1.86147186147186e-06,5.966071428553654e-07
-4.537435065010698e-06,3.814935064935059e-06,7.225000000013471e-07
-4.512402597356413e-06,3.668831168831162e-06,8.43571428571499e-07
-1.2739880952405969e-06,4.166666666666655e-07,8.573214285573227e-07
2.7313474025847384e-06,-3.474025974025969e-06,7.426785714262363e-07
-8.824242423433049e-07,1.3528138528138596e-07,7.4714285715205e-07
-6.130146103899836e-06,5.211038961038951e-06,9.19107142859088e-07
-4.78726731606427e-06,3.744588744588739e-06,1.042678571427924e-06
-6.442451298716012e-06,5.227272727272724e-06,1.2151785714203944e-06
-7.945330086578384e-06,6.515151515151507e-06,1.430178571432128e-06
-5.164182900363468e-06,3.614718614718607e-06,1.5494642857244445e-06
-6.066044372254886e-06,4.372294372294364e-06,1.6937499999966632e-06
-8.770470779240203e-06,6.850649350649345e-06,1.919821428567059e-06
-1.0472256493532228e-05,8.279220779220769e-06,2.193035714283253e-06
-1.1349172077901317e-05,8.863636363636346e-06,2.485535714288889e-06
-8.449880952388078e-06,5.773809523809512e-06,2.676071428578397e-06
-5.2865205627528056e-06,2.527056277056269e-06,2.7594642857120544e-06
3.596590909538122e-07,-3.019480519480515e-06,2.659821428573073e-06
7.108441558156819e-07,-3.262987012987004e-06,2.5521428571456672e-06
-8.365562770618062e-06,5.627705627705618e-06,2.7378571428524068e-06
-9.9710930736574e-06,7.002164502164493e-06,2.9689285714271096e-06
-7.798538961045764e-06,4.675324675324676e-06,3.123214285714881e-06
-4.023176406908746e-06,8.712121212121212e-07,3.1519642857136265e-06
1.208100649352506e-06,-4.22077922077922e-06,3.012678571431837e-06
3.728652597401183e-06,-6.525974025974022e-06,2.797321428570088e-06
7.896017316044723e-06,-1.0351731601731578e-05,2.4557142857123404e-06
7.499767316065942e-06,-9.637445887445863e-06,2.1376785714344315e-06
2.691931818232796e-06,-4.675324675324676e-06,1.98339285714666e-06
3.4722781384610717e-06,-5.281385281385279e-06,1.8091071428555368e-06
2.4894696969424146e-06,-4.161255411255405e-06,1.6717857142869996e-06
3.3087499999862047e-06,-4.821428571428563e-06,1.512678571430337e-06
2.484047619044638e-06,-3.869047619047611e-06,1.384999999992642e-06
-4.045757575732445e-06,2.57575757575757e-06,1.470000000003413e-06
-3.1078192641587066e-06,1.585497835497831e-06,1.5223214285681186e-06
-6.896645021736704e-08,-1.406926406926401e-06,1.4758928571362295e-06
-2.3870346319565527e-06,8.820346320346323e-07,1.5050000000058072e-06
-3.3384632034394457e-06,1.774891774891772e-06,1.563571428574162e-06
-2.234350649388261e-06,6.493506493506472e-07,1.5849999999983932e-06
6.006222943444328e-07,-2.115800865800864e-06,1.5151785714220822e-06
4.7677867965889575e-06,-6.082251082251074e-06,1.3144642857162991e-06
5.717537878813239e-06,-6.807359307359298e-06,1.0898214285737229e-06
7.076915584380839e-06,-7.905844155844145e-06,8.289285714363492e-07
5.660860389611333e-06,-6.282467532467524e-06,6.216071428560843e-07
1.0106222944061829e-06,-1.5800865800865773e-06,5.694642857059784e-07
-1.3352705627300845e-06,7.413419913419908e-07,5.939285714282039e-07
-2.064053030326196e-06,1.423160173160171e-06,6.408928571385863e-07
-1.9097835498582683e-06,1.2283549783549762e-06,6.814285714237811e-07
1.4538852813883452e-06,-2.067099567099566e-06,6.132142857245837e-07
3.5847456710258463e-06,-4.063852813852807e-06,4.791071428617011e-07
3.4617207791409754e-06,-3.814935064935057e-06,3.5321428570878055e-07
1.731791125558768e-06,-2.0183982683982657e-06,2.866071428658801e-07
2.108874459505472e-07,-4.816017316017316e-07,2.707142857105716e-07
-5.557954545487576e-07,2.759740259740249e-07,2.798214285698597e-07
-1.1182954544608492e-06,8.116883116883107e-07,3.0660714285535295e-07
-1.3630844155620991e-06,1.022727272727272e-06,3.403571428514663e-07
-1.094983766214419e-06,7.305194805194798e-07,3.6446428572367573e-07
-3.723950216472094e-06,3.252164502164498e-06,4.717857142802484e-07
-5.2231385282430765e-06,4.599567099567094e-06,6.235714285623972e-07
-3.983057359324693e-06,3.2521645021644965e-06,7.308928571536644e-07
-2.8270779220407327e-06,2.029220779220776e-06,7.978571428604586e-07
-4.816942640650801e-06,3.890692640692636e-06,9.262499999912466e-07
-7.773787878806449e-06,6.628787878787868e-06,1.1450000000010063e-06
-6.89693181821216e-06,5.568181818181806e-06,1.328750000001433e-06
-5.0515746753410085e-06,3.603896103896096e-06,1.4476785714229168e-06
-5.338198051929588e-06,3.766233766233765e-06,1.5719642857126015e-06
-5.361866883102362e-06,3.6688311688311688e-06,1.6930357142966312e-06
-4.331433982707189e-06,2.5541125541125515e-06,1.7773214285726755e-06
-4.410129870124901e-06,2.548701298701291e-06,1.8614285714202428e-06
-5.383019480498241e-06,3.4090909090909045e-06,1.9739285714304167e-06
-7.731450216486024e-06,5.573593073593066e-06,2.1578571428593207e-06
-8.681185064918218e-06,6.314935064935049e-06,2.3662499999965725e-06
-6.458003246723187e-06,3.961038961038956e-06,2.496964285718384e-06
-3.5925703463224323e-06,1.0606060606060724e-06,2.531964285720778e-06
-3.0406385281289694e-06,4.924242424242392e-07,2.5482142857122247e-06
-4.063057359338096e-06,1.4664502164502032e-06,2.5966071428573656e-06
-2.4009632035304485e-06,-1.8939393939393766e-07,2.5903571428606557e-06
1.808836580075024e-06,-4.258658008657997e-06,2.449821428572585e-06
2.329480519480676e-06,-4.6266233766233646e-06,2.29714285714111e-06
1.0120346320419138e-06,-3.203463203463205e-06,2.1914285714200177e-06
-6.095075757439616e-07,-1.5313852813852828e-06,2.1408928571400865e-06
-1.229653679435394e-07,-1.953463203463192e-06,2.0764285714319763e-06
-1.925503246735793e-06,-1.4610389610390036e-07,2.071607142849208e-06
-4.928008658033889e-06,2.765151515151508e-06,2.162857142863628e-06
-4.404377705657936e-06,2.1699134199134224e-06,2.234464285724713e-06
-4.285930735925536e-06,1.985930735930732e-06,2.299999999996749e-06
-5.392045454577499e-07,-1.7045454545454522e-06,2.243749999991662e-06
3.189561688266007e-06,-5.25974025974025e-06,2.070178571428327e-06
4.228841992137689e-07,-2.413419913419912e-06,1.990535714285757e-06
-4.253841990875529e-07,-1.5151515151515146e-06,1.9405357142912583e-06
1.1093073587487012e-07,-1.985930735930732e-06,1.8750000000122835e-06
1.98757034630681e-06,-3.739177489177482e-06,1.7516071428511082e-06
3.228928571463729e-06,-4.821428571428563e-06,1.5924999999944456e-06
2.918490259740114e-06,-4.366883116883114e-06,1.4483928571437654e-06
7.400303030258293e-06,-8.566017316017309e-06,1.1657142857113278e-06
5.558847402609146e-06,-6.50974025974025e-06,9.508928571419496e-07
-1.53223484844478e-06,5.627705627705659e-07,9.694642857105418e-07
-3.4289880952442786e-06,2.3809523809523782e-06,1.048035714289186e-06
-1.377835497806679e-06,3.192640692640664e-07,1.0585714285762935e-06
5.624783550040036e-07,-1.5692640692640665e-06,1.0067857142831429e-06
2.190595238094062e-06,-3.0952380952380885e-06,9.046428571454768e-07
4.551028138510826e-06,-5.281385281385272e-06,7.303571428612932e-07
3.691195887389753e-06,-4.280303030303024e-06,5.891071428523742e-07
-2.0899891772785398e-07,-3.679653679653711e-07,5.769642857089696e-07
-8.620454545749112e-07,2.759740259740241e-07,5.860714285751967e-07
-1.8549621212393676e-06,1.228354978354978e-06,6.266071428534525e-07
-3.1140800865192557e-06,2.4080086580086545e-06,7.060714285675451e-07
-3.6407305194496864e-06,2.840909090909085e-06,7.998214285737104e-07
-1.7277326839759688e-06,8.982683982683971e-07,8.294642857148427e-07
3.5697294371583865e-06,-4.258658008658e-06,6.889285714267723e-07
2.133933982684244e-06,-2.732683982683978e-06,5.987500000040336e-07
-4.645941558134581e-07,-1.2987012987013045e-07,5.944642857136362e-07
1.0992532467057892e-06,-1.6396103896103862e-06,5.403571428502785e-07
-1.9993019480524232e-06,1.4123376623376634e-06,5.869642857175839e-07
-4.796103896032022e-06,4.07467532467532e-06,7.214285714374213e-07
-1.0878143939407892e-05,9.832251082251068e-06,1.045892857140518e-06
-1.9961866883133617e-05,1.831168831168828e-05,1.650178571427352e-06
-1.920782467534909e-05,1.6996753246753225e-05,2.2110714285733524e-06
-1.668872294380286e-05,1.40151515151515e-05,2.673571428565835e-06
-1.193032467527999e-05,8.961038961038942e-06,2.9692857142910034e-06
-5.115779220743466e-06,2.077922077922067e-06,3.037857142861033e-06
-3.4291450216050734e-06,3.787878787878821e-07,3.050357142847515e-06
-1.2895616882668826e-06,-1.7045454545454457e-06,2.994107142863245e-06
-1.990892316022785e-05,1.6374458874458853e-05,3.5344642857204622e-06
-4.351290584420076e-05,3.870129870129864e-05,4.8116071428572216e-06
-3.710962662334394e-05,3.12662337662337e-05,5.843392857141083e-06
-1.9806780303055493e-05,1.3517316017316009e-05,6.289464285706703e-06
-4.3132575755500113e-07,-5.670995670995648e-06,6.102321428572144e-06
1.003550865807945e-05,-1.5622294372294356e-05,5.586785714287168e-06
1.335713744587963e-05,-1.833874458874456e-05,4.981607142857947e-06
1.6466558441563528e-05,-2.0762987012986972e-05,4.2964285714292005e-06
-2.485324675338685e-06,-1.7532467532467637e-06,4.238571428567817e-06
-1.933110389612525e-05,1.4610389610389582e-05,4.720714285713634e-06
-1.766116341989088e-05,1.2527056277056254e-05,5.134107142860944e-06
-1.20151839826943e-05,6.661255411255401e-06,5.35392857143463e-06
-1.809978354971875e-06,-3.430735930735906e-06,5.240714285710546e-06
3.177564935064048e-06,-8.149350649350626e-06,4.97178571427781e-06
3.441396103642802e-07,-5.146103896103886e-06,4.80196428571944e-06
-3.136195887432081e-06,-1.6125541125541103e-06,4.748750000005408e-06
-8.71752705633444e-06,3.841991341991331e-06,4.875535714279899e-06
-8.984058441574572e-06,3.977272727272724e-06,5.006785714280204e-06
-7.902316017327493e-06,2.8030303030303013e-06,5.099285714293966e-06
-3.461466450249695e-06,-1.5854978354978345e-06,5.046964285722322e-06
1.057660173159336e-05,-1.512445887445887e-05,4.547857142850331e-06
1.709595238097439e-05,-2.095238095238092e-05,3.856428571424875e-06
1.294659090916861e-05,-1.626623376623373e-05,3.319642857144145e-06
6.881791125568082e-06,-9.875541125541114e-06,2.993749999999351e-06
2.992954545477655e-06,-5.7954545454545336e-06,2.802500000002872e-06
3.6146212121224153e-06,-6.212121212121206e-06,2.5974999999997528e-06
9.240909090713068e-07,-3.4090909090909045e-06,2.4850000000034567e-06
-2.4738203463492425e-06,-1.08225108225144e-08,2.484642857146502e-06
-2.1268939394136765e-06,-3.463203463203524e-07,2.473214285710068e-06
-8.884745671011718e-06,6.206709956709945e-06,2.67803571428471e-06
-1.2644696969710267e-05,9.648268398268386e-06,2.9964285714265126e-06
-1.2258771645012878e-05,8.96645021645021e-06,3.2923214285662805e-06
-1.1582034632029448e-05,8.024891774891768e-06,3.557142857144036e-06
-8.912196969690367e-06,5.183982683982677e-06,3.7282142857086864e-06
-1.2705476190477684e-05,8.69047619047617e-06,4.014999999996105e-06
-2.6212202380970773e-05,2.1488095238095223e-05,4.724107142861644e-06
-3.959903679651156e-05,3.3760822510822474e-05,5.838214285722176e-06
-4.666071969694485e-05,3.951839826839821e-05,7.142321428579845e-06
-4.9010124458903626e-05,4.053030303030299e-05,8.479821428569734e-06
-5.5797705627691485e-05,4.5806277056277024e-05,9.991428571415328e-06
-9.064145021647764e-05,7.807359307359293e-05,1.2567857142854744e-05
-0.0001206024404761,0.0001045833333333,1.6019107142863087e-05
-0.0001119349458874,9.285173160173144e-05,1.9083214285710304e-05
-8.764244047620995e-05,6.636904761904753e-05,2.127339285713792e-05
-5.428132034634992e-05,3.1953463203463145e-05,2.232785714285923e-05
2.606331168664156e-07,-2.1866883116883055e-05,2.160625000000721e-05
7.324193181823535e-05,-9.181818181818164e-05,1.8576249999999184e-05
0.0001180111688312,-0.000132224025974,1.421285714285625e-05
9.864015692639948e-05,-0.0001092478354978,1.0607678571430967e-05
5.148411796535024e-05,-6.010822510822504e-05,8.62410714285583e-06
2.560240259741331e-05,-3.313311688311687e-05,7.5307142857194975e-06
9.39528138532708e-06,-1.6385281385281368e-05,6.990000000005325e-06
-1.4430059523840022e-05,7.202380952380931e-06,7.227678571419815e-06
-1.4595070346401506e-05,7.132034632034625e-06,7.463035714284916e-06
1.3236093073576429e-05,-2.003787878787874e-05,6.801785714286024e-06
2.5367667748965594e-05,-3.114177489177484e-05,5.7741071428502044e-06
1.124691558440638e-05,-1.6477272727272716e-05,5.230357142858855e-06
-1.1876661255461052e-05,6.433982683982687e-06,5.442678571436488e-06
-1.750552489176993e-05,1.1677489177489182e-05,5.828035714285085e-06
-1.5772337662256497e-05,9.626623376623344e-06,6.145714285712978e-06
-1.835948593070791e-05,1.1823593073593028e-05,6.535892857144343e-06
-7.899810606115665e-06,1.3203463203463096e-06,6.579464285713654e-06
6.590167748898868e-06,-1.2748917748917722e-05,6.158750000005708e-06
7.402169913461876e-06,-1.3127705627705595e-05,5.725535714276586e-06
-5.485173160124646e-06,-2.326839826839749e-07,5.717857142852056e-06
-4.907332251113949e-06,-7.846320346320399e-07,5.691964285722828e-06
3.682175324593029e-06,-9.07467532467532e-06,5.392499999999634e-06
-4.007846320375208e-07,-4.83225108225107e-06,5.233035714286016e-06
2.1902543290708287e-06,-7.186147186147177e-06,4.9958928571430805e-06
1.3098376623388308e-05,-1.7516233766233746e-05,4.4178571428493685e-06
1.7796114718637845e-05,-2.1504329004328965e-05,3.708214285705336e-06
1.2479924242414508e-05,-1.567099567099564e-05,3.19107142858488e-06
4.634686147142464e-06,-7.575757575757566e-06,2.9410714285846296e-06
8.434226190456862e-06,-1.1011904761904752e-05,2.57767857142488e-06
8.786439393893009e-06,-1.100108225108224e-05,2.214642857142901e-06
6.0638906926868685e-06,-8.014069264069244e-06,1.950178571422101e-06
1.0554264069373431e-05,-1.2104978354978337e-05,1.5507142857099088e-06
8.410357142829561e-06,-9.642857142857127e-06,1.2325000000035224e-06
1.0593290042937298e-06,-2.218614718614713e-06,1.15928571428614e-06
-1.7965259740404529e-06,6.168831168831141e-07,1.1796428571464457e-06
1.766195887431543e-06,-2.851731601731596e-06,1.0855357142833255e-06
2.6652380952230104e-06,-3.630952380952375e-06,9.657142857055767e-07
-2.9668722943965165e-06,1.9372294372294305e-06,1.0296428571421323e-06
-2.0805303029280964e-06,1.0173160173160148e-06,1.063214285716707e-06
-6.77516233782427e-07,-3.7337662337662156e-07,1.050892857144825e-06
-4.203555194870479e-06,3.0519480519480445e-06,1.1516071428616104e-06
-1.6994101731393485e-06,5.303030303030294e-07,1.169107142859338e-06
1.6928841991559196e-06,-2.770562770562761e-06,1.0776785714233794e-06
1.5048214285773298e-06,-2.4999999999999964e-06,9.951785714251704e-07
-6.486093073743149e-07,-3.354978354978346e-07,9.841071428595694e-07
-8.611309523787192e-07,-1.1904761904761777e-07,9.801785714330655e-07
-1.952808441563203e-06,9.415584415584376e-07,1.0112500000020177e-06
-6.025324675307253e-06,4.853896103896096e-06,1.1714285714226058e-06
-9.20959956712819e-06,7.781385281385269e-06,1.428214285711937e-06
-1.4754361471858156e-05,1.2900432900432884e-05,1.8539285714311291e-06
-1.805324675319131e-05,1.5681818181818162e-05,2.371428571429357e-06
-1.0907094155854224e-05,8.262987012987004e-06,2.6441071428601197e-06
-3.471401515131589e-06,8.008658008658014e-07,2.6705357142886577e-06
-3.827629870167826e-06,1.1201298701298644e-06,2.707499999997365e-06
-1.1148138528205289e-05,8.170995670995655e-06,2.977142857137072e-06
-1.3569864718565585e-05,1.025432900432899e-05,3.315535714282225e-06
-1.574172077922764e-05,1.202922077922076e-05,3.712499999995733e-06
-1.883857142859213e-05,1.4642857142857123e-05,4.195714285719354e-06
-7.86823051940333e-06,3.5551948051947917e-06,4.313035714284541e-06
1.1482251082717276e-06,-5.286796536796526e-06,4.138571428578819e-06
1.1158658008159072e-06,-5.086580086580067e-06,3.970714285719823e-06
3.949404761560693e-07,-4.226190476190474e-06,3.83124999998874e-06
-2.735643939377752e-06,-1.0606060606060656e-06,3.796250000000223e-06
-1.929247835541492e-06,-1.8073593073593088e-06,3.736607142861004e-06
-2.2273538961559147e-06,-1.4610389610389494e-06,3.68839285714434e-06
2.1889610396508277e-07,-3.782467532467526e-06,3.563571428576162e-06
9.879962121261965e-06,-1.3014069264069248e-05,3.134107142852005e-06
8.643658008622435e-06,-1.140151515151513e-05,2.7578571428488186e-06
7.667169913405658e-06,-1.0091991341991327e-05,2.424821428578805e-06
1.219257575763022e-05,-1.4150432900432884e-05,1.9578571428605085e-06
9.450979437219951e-06,-1.1044372294372285e-05,1.5933928571437717e-06
4.326233766172027e-06,-5.730519480519471e-06,1.404285714289022e-06
-1.722905844159239e-06,3.0844155844156215e-07,1.4144642857122358e-06
-5.601244588759879e-06,4.053030303030295e-06,1.5482142857042858e-06
-7.209199134328159e-07,-8.008658008658014e-07,1.5217857142826865e-06
3.3301839826860302e-06,-4.696969696969688e-06,1.3667857142879436e-06
5.609318181831746e-06,-6.753246753246746e-06,1.1439285714301417e-06
8.174312770559133e-06,-9.02056277056276e-06,8.462500000055995e-07
8.242808441583094e-06,-8.798701298701284e-06,5.558928571416932e-07
4.922137445906305e-06,-5.303030303030294e-06,3.808928571435999e-07
6.979437229270857e-07,-1.0443722943722924e-06,3.464285714335769e-07
-3.74377705614215e-07,2.7056277056277534e-08,3.473214285690252e-07
9.774675324702995e-07,-1.2824675324675304e-06,3.049999999921172e-07
9.583008657720882e-07,-1.2229437229437215e-06,2.646428571423387e-07
6.856277056099813e-07,-9.199134199134184e-07,2.3428571428729675e-07
7.607034631651466e-07,-9.63203463203462e-07,2.0249999999749638e-07
1.0104924242360092e-06,-1.1742424242424228e-06,1.6375000000401485e-07
-1.0785173154559403e-07,-5.41125541125538e-08,1.6196428571924049e-07
-6.315097402787018e-07,4.545454545454532e-07,1.7696428571134517e-07
5.217640692278813e-07,-6.764069264069256e-07,1.546428571377878e-07
6.558820346280747e-07,-7.846320346320331e-07,1.2875000000162062e-07
1.3972727272437702e-06,-1.4772727272727252e-06,7.99999999995249e-08
5.851893939423647e-07,-6.439393939393929e-07,5.8749999996832176e-08
-1.271742424202582e-06,1.1742424242424228e-06,9.750000000419147e-08
-2.652050865803446e-06,2.4729437229437197e-06,1.791071428600133e-07
-2.9013528138333022e-06,2.6352813852813807e-06,2.660714285701582e-07
-1.495833333309271e-06,1.1904761904761885e-06,3.053571428560109e-07
-6.183874458609573e-07,3.030303030303033e-07,3.1535714285074734e-07
-7.916666655560789e-09,-2.976190476190469e-07,3.055357142844884e-07
5.329383116481345e-07,-8.116883116883107e-07,2.78750000005934e-07
8.671645022051422e-07,-1.1093073593073576e-06,2.421428571403039e-07
-6.222510822162519e-07,3.679653679653677e-07,2.542857142837085e-07
-2.283392857127531e-06,1.9642857142857115e-06,3.191071428626513e-07
-1.2470183983204208e-06,8.982683982683971e-07,3.487500000037836e-07
-9.412716450718506e-07,5.735930735930735e-07,3.676785714293307e-07
-1.7986742423814484e-06,1.385281385281383e-06,4.133928571403711e-07
-3.966233765861915e-07,-1.6233766233766522e-08,4.128571428549388e-07
-4.392857139157159e-08,-3.571428571428558e-07,4.010714285684891e-07
-1.2842640693122576e-06,8.549783549783547e-07,4.292857142818018e-07
-3.8167207792594304e-06,3.2792207792207723e-06,5.375000000085173e-07
-7.535963203464391e-06,6.7748917748917615e-06,7.6107142857329e-07
-6.306179653636779e-06,5.36796536796536e-06,9.382142857131126e-07
-4.31446969695326e-06,3.2683982683982647e-06,1.0460714285759345e-06
-5.171363636424786e-06,3.993506493506489e-06,1.1778571428547324e-06
-7.472002164554681e-06,6.093073593073585e-06,1.3789285714244093e-06
-1.06524512987205e-05,8.977272727272717e-06,1.675178571428071e-06
-1.2698317099490986e-05,1.0670995670995651e-05,2.0273214285798646e-06
-1.2480297619021918e-05,1.0119047619047603e-05,2.361250000006143e-06
-8.38149350651518e-06,5.82792207792207e-06,2.5535714285734867e-06
7.220670995566891e-07,-3.170995670995669e-06,2.448928571423259e-06
5.225903679628718e-06,-7.429653679653666e-06,2.2037499999919e-06
5.247489177517828e-06,-7.2132034632034524e-06,1.965714285706577e-06
4.663820346362257e-06,-6.417748917748908e-06,1.7539285714351929e-06
1.5943777056381947e-06,-3.241341991341989e-06,1.646964285721697e-06
-1.3003950216639026e-06,-3.354978354978346e-07,1.6358928571352791e-06
-1.2725541125302442e-06,-3.517316017315995e-07,1.6242857142911848e-06
4.071747835565631e-06,-5.514069264069254e-06,1.4423214285755326e-06
3.8177056276844645e-06,-5.091991341991331e-06,1.2742857142741817e-06
-2.569372294924932e-07,-9.848484848484818e-07,1.2417857142843491e-06
-6.548538961093087e-07,-5.681818181818197e-07,1.2230357142942183e-06
4.026515149080368e-08,-1.222943722943724e-06,1.1826785714236232e-06
1.3327435064991455e-06,-2.4350649350649337e-06,1.1023214285740823e-06
-5.265692640255004e-07,-5.573593073593053e-07,1.0839285714270286e-06
-2.017429653722313e-06,9.036796536796544e-07,1.1137499999896994e-06
1.0215638528432436e-06,-2.067099567099566e-06,1.0455357142974409e-06
1.3524999999958709e-06,-2.3214285714285664e-06,9.689285714320484e-07
2.664458874424014e-06,-3.5173160173160112e-06,8.528571428523257e-07
3.529567099536113e-06,-4.242424242424237e-06,7.128571428566266e-07
1.2659415584148626e-06,-1.9155844155844136e-06,6.496428571339807e-07
1.6924945888119325e-06,-2.2673160173160147e-06,5.748214285741793e-07
-1.2959090908704065e-06,6.980519480519467e-07,5.978571428616464e-07
-3.051791125585624e-06,2.375541125541121e-06,6.762500000048743e-07
-1.609751082320976e-06,9.036796536796544e-07,7.06071428574484e-07
-2.4780465367468807e-06,1.715367965367965e-06,7.62678571429587e-07
-1.4222781384853889e-06,6.385281385281362e-07,7.837500000038022e-07
-2.2147456709697977e-06,1.3852813852813825e-06,8.294642857079038e-07
-3.7585335498357968e-06,2.835497835497831e-06,9.230357142786528e-07
-4.919761904809139e-06,3.869047619047614e-06,1.0507142857163476e-06
-5.612012986988546e-06,4.415584415584408e-06,1.1964285714302636e-06
-2.3367532467344354e-06,1.103896103896103e-06,1.232857142860477e-06
-1.266396103871692e-06,3.2467532467533043e-08,1.233928571431342e-06
-2.17301948057802e-06,9.09090909090908e-07,1.263928571429429e-06
-4.8134686146950045e-06,3.436147186147184e-06,1.3773214285750512e-06
-1.0142169913351928e-05,8.484848484848471e-06,1.6573214285664497e-06
-1.1165616883190845e-05,9.204545454545438e-06,1.9610714285661635e-06
-1.3314009740250654e-05,1.0990259740259725e-05,2.323749999998126e-06
-2.0216785714233243e-05,1.7321428571428548e-05,2.8953571428597118e-06
-2.271688311694664e-05,1.9188311688311652e-05,3.528571428573768e-06
-1.8162738095239828e-05,1.416666666666664e-05,3.996071428563619e-06
-1.385652597396536e-05,9.545454545454543e-06,4.3110714285574114e-06
-1.5350979437223078e-05,1.068722943722943e-05,4.663750000008515e-06
-1.2081450216472334e-05,7.180735930735916e-06,4.900714285729912e-06
-4.788917748965726e-06,-1.082251082251169e-07,4.897142857132608e-06
-3.812716450224407e-06,-1.0497835497835512e-06,4.862499999994108e-06
-1.0452326839827109e-05,5.411255411255411e-06,5.041071428582566e-06
-1.4638804112565572e-05,9.291125541125513e-06,5.3476785714309805e-06
-1.4850384199127651e-05,9.199134199134193e-06,5.651249999988339e-06
-1.4801796536789702e-05,8.8582251082251e-06,5.943571428572436e-06
-4.764117965350145e-06,-1.1417748917749e-06,5.905892857149819e-06
9.605876623353105e-06,-1.5016233766233726e-05,5.410357142854316e-06
1.8866260822481e-05,-2.350108225108221e-05,4.634821428567415e-06
2.599742965370133e-05,-2.9653679653679614e-05,3.656249999997585e-06
2.4734480519539304e-05,-2.7483766233766195e-05,2.7492857142888405e-06
1.3243208874469392e-05,-1.548160173160171e-05,2.238392857151217e-06
-1.975670995690848e-06,-2.543290043290037e-07,2.2299999999988995e-06
-1.1168133116912228e-05,8.652597402597393e-06,2.515535714286976e-06
-6.411645021686674e-06,3.771645021645012e-06,2.6399999999981998e-06
-1.1139772726487251e-06,-1.4772727272727311e-06,2.5912499999891647e-06
1.114805194879498e-06,-3.587662337662328e-06,2.472857142860052e-06
8.119864718603154e-06,-1.0254329004328986e-05,2.1344642857218377e-06
8.782467532497673e-06,-1.0568181818181804e-05,1.785714285718054e-06
5.050643939352728e-06,-6.61796536796536e-06,1.5673214285652493e-06
3.5529599566874737e-06,-4.956709956709949e-06,1.4037499999897118e-06
2.352613636402712e-06,-3.636363636363629e-06,1.2837499999973634e-06
4.41228354974843e-06,-5.514069264069256e-06,1.10178571428865e-06
6.936385281375301e-06,-7.781385281385269e-06,8.450000000062574e-07
5.96340909092552e-06,-6.590909090909083e-06,6.275000000027786e-07
2.72080627700122e-06,-3.241341991341988e-06,5.205357142962219e-07
7.371753246165902e-07,-1.217532467532466e-06,4.803571428610431e-07
1.4537229437450172e-06,-1.8722943722943704e-06,4.1857142855927787e-07
1.683203463220817e-06,-2.0346320346320318e-06,3.514285714240062e-07
6.826893939049228e-07,-1.00108225108225e-06,3.183928571487416e-07
2.331185064929908e-06,-2.5649350649350608e-06,2.337500000018644e-07
1.661201298686077e-06,-1.8344155844155808e-06,1.732142857063801e-07
-1.0899458873780965e-06,8.874458874458865e-07,2.0250000000443527e-07
-2.79617965365242e-06,2.510822510822507e-06,2.853571428595991e-07
-1.9902543290650776e-06,1.6504329004328976e-06,3.398214285729728e-07
-1.777164502225759e-07,-1.5692640692640716e-07,3.346428571471272e-07
1.1354816017439262e-06,-1.423160173160171e-06,2.876785714228669e-07
1.4172186147409782e-06,-1.6504329004328972e-06,2.332142857164321e-07
1.5164015151891697e-06,-1.6937229437229412e-06,1.7732142856830005e-07
5.745129871836952e-08,-2.272727272727279e-07,1.698214285653088e-07
-2.036823593121184e-06,1.8073593073593043e-06,2.29464285718406e-07
-1.7387175325067616e-06,1.4610389610389595e-06,2.776785714281305e-07
-1.7366233766025196e-06,1.4123376623376608e-06,3.242857142815581e-07
-1.699383116837705e-06,1.3311688311688282e-06,3.682142857217019e-07
-9.048376623521648e-07,5.194805194805184e-07,3.853571428624747e-07
-1.5592207792680668e-06,1.1363636363636345e-06,4.2285714285661413e-07
-2.4575541125448908e-06,1.9696969696969653e-06,4.878571428570955e-07
-1.2313041125588953e-06,7.196969696969688e-07,5.116071428445945e-07
1.4799242425977965e-07,-6.385281385281362e-07,4.90535714284257e-07
1.0857954545473447e-06,-1.525974025974023e-06,4.401785714397422e-07
-2.557142857462225e-07,-1.7857142857142834e-07,4.34285714286109e-07
-1.708766233732284e-06,1.2337662337662317e-06,4.7499999999978126e-07
-3.4084415584390015e-07,-1.2987012987012876e-07,4.707142857163227e-07
-1.035286796513546e-06,5.465367965367951e-07,4.887499999994827e-07
-1.7967694805332002e-06,1.2662337662337647e-06,5.305357142909584e-07
-2.129226190583644e-06,1.5476190476190476e-06,5.81607142849383e-07
-2.5212770562443865e-06,1.8777056277056236e-06,6.435714285657479e-07
-1.264042207682614e-06,6.006493506493493e-07,6.6339285714756e-07
-6.745725108503464e-07,1.0822510822511012e-08,6.63749999997576e-07
-5.631331169153597e-07,-9.740259740259912e-08,6.605357142849821e-07
1.066720779263619e-06,-1.672077922077921e-06,6.053571428646376e-07
2.4243290043246546e-06,-2.932900432900428e-06,5.085714285743559e-07
1.3193019480217671e-06,-1.769480519480515e-06,4.501785714206008e-07
-1.5401948051385617e-06,1.0551948051948042e-06,4.849999999945176e-07
-2.005432900409332e-06,1.4718614718614689e-06,5.335714285681359e-07
-2.081953463239916e-06,1.4989177489177447e-06,5.830357142910803e-07
-3.797186147180831e-06,3.1114718614718567e-06,6.857142857280563e-07
-3.911044372306716e-06,3.122294372294368e-06,7.887499999942316e-07
-1.822867965350916e-06,1.0010822510822483e-06,8.21785714283374e-07
1.3247077922384776e-06,-2.0779220779220737e-06,7.532142857202828e-07
1.594512986979879e-06,-2.272727272727267e-06,6.782142857042484e-07
1.082581168820873e-06,-1.7045454545454522e-06,6.219642857130392e-07
1.4239123376502685e-06,-1.980519480519478e-06,5.56607142855603e-07
-1.4393939373746889e-08,-5.248917748917722e-07,5.392857142863527e-07
-3.412456709928069e-06,2.7813852813852776e-06,6.310714285723273e-07
-3.5657305195169187e-06,2.840909090909085e-06,7.248214285646148e-07
-7.08116882908172e-08,-6.331168831168824e-07,7.039285714327548e-07
1.8953409091082565e-06,-2.516233766233761e-06,6.208928571491135e-07
2.213149350616117e-06,-2.74350649350649e-06,5.30357142855542e-07
1.985064935039471e-06,-2.435064935064932e-06,4.4999999999906237e-07
1.064843073550481e-06,-1.4664502164502142e-06,4.016071428539214e-07
3.753787878868487e-07,-7.521645021645018e-07,3.7678571428168006e-07
-2.221428571425044e-06,1.7857142857142814e-06,4.357142857208674e-07
-2.8840584416212067e-06,2.370129870129866e-06,5.13928571428679e-07
-6.369047618193235e-07,1.1904761904761945e-07,5.178571428551826e-07
-2.172445887405061e-06,1.601731601731601e-06,5.707142857191982e-07
-3.494193723030392e-06,2.830086580086577e-06,6.641071428545309e-07
-3.347224025951334e-06,2.597402597402594e-06,7.498214285653337e-07
-2.991341991331886e-06,2.169913419913416e-06,8.214285714264191e-07
-2.632532467516935e-06,1.7532467532467484e-06,8.792857142947419e-07
-5.80951298695398e-06,4.772727272727265e-06,1.0367857142951076e-06
-7.235903679625455e-06,6.001082251082243e-06,1.2348214285667902e-06
-5.114161255426186e-06,3.7554112554112535e-06,1.35874999999952e-06
-5.925638528192501e-06,4.4209956709956655e-06,1.5046428571488524e-06
-5.171569264050824e-06,3.5497835497835443e-06,1.621785714278623e-06
-4.058950216379031e-06,2.3593073593073566e-06,1.6996428571364186e-06
-5.623701298751449e-06,3.798701298701294e-06,1.8250000000039068e-06
-5.29069264071369e-06,3.354978354978346e-06,1.935714285715429e-06
-8.598787878733027e-06,6.450216450216438e-06,2.148571428571555e-06
-8.755746753241755e-06,6.39610389610389e-06,2.3596428571429078e-06
-4.606753246816364e-06,2.175324675324669e-06,2.4314285714255317e-06
-6.836212121275054e-06,4.2640692640692575e-06,2.57214285713514e-06
-7.698014069246195e-06,4.9621212121212025e-06,2.735892857139155e-06
-4.792949134191371e-06,1.9913419913419856e-06,2.801607142860485e-06
-4.981639610379673e-06,2.11038961038961e-06,2.8712500000083185e-06
-4.520248917783132e-06,1.596320346320342e-06,2.923928571429979e-06
-5.204577922079956e-06,2.207792207792206e-06,2.9967857142904064e-06
-4.835838744554621e-06,1.780303030303026e-06,3.0555357142872386e-06
-1.2276623376772378e-06,-1.7694805194805183e-06,2.9971428571334835e-06
-3.176017316031121e-06,1.731601731601762e-07,3.002857142865578e-06
-4.148771644951754e-06,1.1093073593073635e-06,3.0394642857173304e-06
-1.495238094451068e-07,-2.7976190476190408e-06,2.9471428571320457e-06
4.252554112460505e-06,-6.969696969696963e-06,2.7171428571420853e-06
5.745854978311815e-06,-8.192640692640684e-06,2.446785714288469e-06
5.8093885281218505e-06,-7.992424242424232e-06,2.183035714288517e-06
5.9278030302700735e-06,-7.851731601731589e-06,1.923928571428979e-06
5.79003246758969e-06,-7.467532467532456e-06,1.6774999999913387e-06
5.751379870133633e-06,-7.191558441558427e-06,1.4401785714268645e-06
2.299415584383624e-06,-3.620129870129864e-06,1.3207142857199483e-06
-1.359843073589495e-06,3.7878787878786855e-08,1.3219642857123517e-06
-7.79751082258251e-07,-5.248917748917722e-07,1.3046428571361623e-06
1.375324675256806e-07,-1.3961038961038969e-06,1.258571428575106e-06
3.009902597717051e-07,-1.5097402597402574e-06,1.2087500000090845e-06
9.20974025986343e-07,-2.061688311688305e-06,1.1407142857175478e-06
2.431185064988295e-06,-3.4577922077922057e-06,1.026607142858016e-06
6.234577922092921e-06,-7.029220779220769e-06,7.946428571409259e-07
3.867272727220428e-06,-4.512987012987004e-06,6.45714285714416e-07
3.6244588719203115e-08,-6.601731601731599e-07,6.239285714332299e-07
2.816233766189669e-07,-8.766233766233767e-07,5.949999999921296e-07
1.3614393939431757e-06,-1.893939393939392e-06,5.324999999903324e-07
1.9885119048046462e-06,-2.4404761904761867e-06,4.51964285719253e-07
6.995400432807664e-07,-1.1147186147186114e-06,4.151785714320844e-07
-1.5804653685780326e-07,-2.489177489177482e-07,4.069642857013056e-07
-9.379978355150698e-07,5.140692640692612e-07,4.2392857142747886e-07
-1.335070346331069e-06,8.820346320346297e-07,4.530357142901176e-07
-1.6268993506263207e-06,1.1363636363636368e-06,4.90535714284257e-07
-2.6929274891118737e-06,2.1320346320346304e-06,5.608928571460003e-07
-2.3608170995337296e-06,1.742424242424239e-06,6.183928571434905e-07
-1.999080086578786e-06,1.336580086580083e-06,6.624999999982339e-07
-4.910768398258547e-06,4.112554112554103e-06,7.982142857174135e-07
-4.280676406953621e-06,3.371212121212116e-06,9.094642857143675e-07
-2.7708766234257887e-06,1.8019480519480516e-06,9.689285714251097e-07
-4.026563852843612e-06,2.959956709956706e-06,1.0666071428577784e-06
-3.861520562753462e-06,2.7056277056277022e-06,1.1558928571450688e-06
-1.0888149350463117e-06,-6.49350649350627e-08,1.1537500000102785e-06
1.933982683999247e-07,-1.3041125541125516e-06,1.1107142857194607e-06
-1.390205627671559e-06,2.7056277056276853e-07,1.1196428571363937e-06
-2.461201298709081e-06,1.2987012987012944e-06,1.162499999998734e-06
9.336850649299676e-07,-2.029220779220776e-06,1.0955357142850009e-06
1.2521915584984278e-06,-2.2727272727272685e-06,1.0205357142828442e-06
-2.675124458895173e-06,1.6017316017315991e-06,1.073392857139921e-06
7.097619046936288e-07,-1.7261904761904745e-06,1.0164285714278631e-06
1.2474512986471176e-06,-2.1915584415584397e-06,9.441071428598068e-07
-3.576915584391216e-06,2.5487012987012943e-06,1.0282142857143128e-06
-5.835465367920456e-06,4.6536796536796455e-06,1.181785714281236e-06
-6.469761904770444e-06,5.119047619047614e-06,1.3507142857110963e-06
-3.810238095258711e-06,2.3809523809523782e-06,1.429285714282802e-06
-2.401915584371306e-06,9.415584415584444e-07,1.4603571428586926e-06
-3.405616883112028e-06,1.8831168831168825e-06,1.5225000000104738e-06
1.7810876623003402e-06,-3.198051948051945e-06,1.4169642857178588e-06
1.730108225184157e-06,-3.0465367965367907e-06,1.316428571422612e-06
1.872348485143505e-07,-1.4556277056277091e-06,1.268392857141365e-06
4.248766233727608e-06,-5.340909090909086e-06,1.0921428571508685e-06
5.129334415543418e-06,-6.02272727272726e-06,8.933928571375205e-07
3.2933874458684897e-06,-4.053030303030296e-06,7.596428571454705e-07
-8.714393939235343e-07,1.0822510822510673e-07,7.632142857150193e-07
-3.5972564935149443e-06,2.743506493506489e-06,8.53749999987774e-07
-1.714583333367603e-06,8.333333333333327e-07,8.812500000010548e-07
-3.815909090876257e-06,2.840909090909088e-06,9.7500000000722e-07
-5.636915584417146e-06,4.512987012987004e-06,1.12392857143373e-06
-4.196103896569881e-07,-6.818181818181836e-07,1.1014285714247565e-06
2.358674242419756e-06,-3.349567099567094e-06,9.90892857141712e-07
2.04997294372955e-06,-2.9437229437229377e-06,8.937500000083531e-07
1.6943398268853826e-06,-2.50541125541125e-06,8.110714285747278e-07
1.0112121212602077e-06,-1.7640692640692611e-06,7.528571428494502e-07
-3.392099567345319e-07,-4.00432900432899e-07,7.396428571421199e-07
-1.0862121212484863e-06,3.354978354978346e-07,7.507142857077209e-07
-1.2482088743714923e-06,4.816017316017299e-07,7.666071428560906e-07
1.2776515156964765e-07,-8.65800865800864e-07,7.380357142927618e-07
2.291650432861836e-06,-2.9329004329004284e-06,6.412500000024801e-07
2.159253246758474e-06,-2.711038961038956e-06,5.517857142867122e-07
1.0469047618810734e-06,-1.547619047619046e-06,5.007142857074709e-07
7.625865799942844e-07,-1.2229437229437224e-06,4.603571428646314e-07
1.3507467532813957e-06,-1.753246753246751e-06,4.024999999963086e-07
3.3370941558974465e-06,-3.620129870129865e-06,2.830357142824536e-07
1.556017315940128e-06,-1.7803030303030276e-06,2.242857142925603e-07
-5.205465368196549e-07,2.867965367965363e-07,2.3374999999492554e-07
6.606222944238738e-07,-8.65800865800864e-07,2.051785714246579e-07
-1.295194805184252e-06,1.0551948051948034e-06,2.399999999985747e-07
-2.58772727274037e-06,2.2727272727272694e-06,3.1500000000073136e-07
-3.1937608225285352e-06,2.786796536796534e-06,4.069642857151834e-07
-8.277440476212039e-06,7.619047619047607e-06,6.583928571432529e-07
-1.0720081168813513e-05,9.740259740259725e-06,9.798214285761109e-07
-9.996212121221593e-06,8.728354978354964e-06,1.2678571428559329e-06
-1.1430162337677796e-05,9.837662337662324e-06,1.5924999999944456e-06
-1.2973387445880393e-05,1.1017316017316004e-05,1.956071428575734e-06
-1.8339853896043312e-05,1.586038961038959e-05,2.479464285720656e-06
-2.708588203459428e-05,2.3820346320346287e-05,3.2655357142807877e-06
-2.8755146103953688e-05,2.4675324675324637e-05,4.079821428568109e-06
-3.6064810606084574e-05,3.0963203463203406e-05,5.101607142857234e-06
-4.322981601734277e-05,3.691017316017312e-05,6.319642857140206e-06
-4.303362554114454e-05,3.5541125541125487e-05,7.492500000004509e-06
-4.640887445883646e-05,3.7673160173160125e-05,8.73571428570974e-06
-4.376715909087947e-05,3.3912337662337635e-05,9.854821428574578e-06
-3.0319177489190885e-05,1.981060606060604e-05,1.0508571428577418e-05
-1.1693614718699674e-05,1.1471861471861063e-06,1.0546428571421572e-05
1.8062305194854744e-05,-2.7694805194805186e-05,9.632500000002209e-06
3.803195346330224e-05,-4.61417748917748e-05,8.109821428577135e-06
3.986766233765593e-05,-4.644480519480511e-05,6.577142857143448e-06
3.402176948053004e-05,-3.930194805194798e-05,5.280178571417937e-06
1.8174734848441787e-05,-2.270562770562768e-05,4.530892857138036e-06
4.099799783552349e-06,-8.354978354978352e-06,4.255178571430096e-06
-1.0577976190528917e-06,-3.095238095238102e-06,4.153035714278552e-06
1.6492045454286064e-06,-5.61688311688311e-06,3.9676785714357066e-06
8.318760822523252e-06,-1.1893939393939369e-05,3.5751785714410733e-06
1.5217819264112808e-05,-1.819264069264067e-05,2.974821428566865e-06
1.4716980519469123e-05,-1.7126623376623357e-05,2.4096428571374062e-06
1.29512012986277e-05,-1.4870129870129846e-05,1.918928571424672e-06
1.1043879870220596e-05,-1.2548701298701276e-05,1.5048214285773298e-06
7.176179653733961e-06,-8.40367965367964e-06,1.2275000000061542e-06
4.384686147107519e-06,-5.432900432900423e-06,1.0482142857037855e-06
9.753030303372157e-07,-1.958874458874456e-06,9.83571428574137e-07
-3.415146103913358e-06,2.3538961038960994e-06,1.0612500000034553e-06
-2.967380952401122e-06,1.845238095238092e-06,1.1221428571420169e-06
-2.1171320345736437e-06,9.632034632034598e-07,1.153928571431817e-06
5.230194804473065e-07,-1.6233766233766196e-06,1.1003571428538916e-06
4.506239177415328e-06,-5.427489177489169e-06,9.212500000008172e-07
4.718885281418395e-06,-5.459956709956704e-06,7.410714285699393e-07
4.7928571428879074e-06,-5.357142857142849e-06,5.642857142870716e-07
2.8119696969253205e-06,-3.268398268398263e-06,4.564285714311889e-07
2.047813852823488e-06,-2.424242424242421e-06,3.764285714247251e-07
2.172532467592525e-06,-2.467532467532465e-06,2.950000000043196e-07
1.0800974025171328e-06,-1.331168831168829e-06,2.5107142857111464e-07
1.6159307358876165e-06,-1.8073593073593037e-06,1.914285714180175e-07
1.127770562825425e-06,-1.277056277056274e-06,1.492857142834647e-07
-8.424242424753814e-07,6.709956709956701e-07,1.714285714354835e-07
-1.5241666666554463e-06,1.309523809523807e-06,2.1464285714783987e-07
-1.2711201298198915e-06,1.0227272727272712e-06,2.483928571439531e-07
-6.899891774603262e-07,4.274891774891765e-07,2.625000000006095e-07
-2.44253246750592e-06,2.1103896103896067e-06,3.321428571345653e-07
-3.5407034632006784e-06,3.106060606060601e-06,4.346428571430639e-07
-2.240156926403003e-06,1.7478354978354946e-06,4.923214285829092e-07
-1.4929004328867457e-06,9.686147186147189e-07,5.242857142873092e-07
-7.534686147225855e-07,2.218614718614741e-07,5.316071428479452e-07
-7.384307358915265e-07,2.0021645021644864e-07,5.382142857085492e-07
8.424729437406242e-07,-1.3365800865800863e-06,4.941071428676835e-07
3.0218939393589217e-06,-3.4036796536796477e-06,3.81785714292926e-07
-3.538365800914711e-07,-2.705627705627584e-08,3.808928571297221e-07
-3.583863636413831e-06,3.1006493506493457e-06,4.832142857097432e-07
-5.005384199174845e-06,4.37770562770562e-06,6.276785714381949e-07
-5.910064935110704e-06,5.113636363636357e-06,7.964285714257002e-07
-5.313008658025531e-06,4.372294372294368e-06,9.407142857187356e-07
-5.675297619023301e-06,4.583333333333327e-06,1.091964285715452e-06
-3.2999458874360954e-06,2.137445887445886e-06,1.162499999998734e-06
-2.4872889610727533e-06,1.2824675324675295e-06,1.204821428575642e-06
-2.865000000018547e-06,1.6071428571428531e-06,1.2578571428473184e-06
-5.914182900301768e-06,4.50757575757575e-06,1.4066071428522895e-06
-9.707499999955791e-06,8.035714285714272e-06,1.6717857142939383e-06
-5.735589826916243e-06,3.933982683982673e-06,1.8016071428594849e-06
-3.817911255477036e-07,-1.3744588744588714e-06,1.7562499999984604e-06
2.475248917777062e-06,-4.096320346320335e-06,1.6210714285647132e-06
4.935795454574787e-06,-6.347402597402588e-06,1.4116071428565968e-06
4.183809523827797e-06,-5.416666666666662e-06,1.232857142860477e-06
1.3775919913694423e-06,-2.527056277056276e-06,1.1494642857129422e-06
-2.7257954545722995e-06,1.525974025974029e-06,1.1998214285713349e-06
-6.957343073654698e-06,5.573593073593066e-06,1.383750000000239e-06
-3.686758657972522e-06,2.2294372294372245e-06,1.457321428574576e-06
-1.996103896062529e-07,-1.2175324675324637e-06,1.4171428571463365e-06
1.0312012986846142e-06,-2.370129870129868e-06,1.3389285714246468e-06
2.3056385282105296e-06,-3.5281385281385256e-06,1.2224999999949082e-06
1.44384740258241e-06,-2.5811688311688277e-06,1.1373214285695377e-06
2.160676406903761e-06,-3.192640692640688e-06,1.031964285719278e-06
1.5673051948494887e-06,-2.5162337662337646e-06,9.489285714356366e-07
-2.754442640751087e-06,1.7478354978354997e-06,1.0066071428477263e-06
-1.2022510822440324e-06,1.8939393939394105e-07,1.0128571428583144e-06
-2.470508657648196e-07,-7.413419913419925e-07,9.883928571430278e-07
-2.218154761923774e-06,1.1904761904761876e-06,1.0276785714288803e-06
-1.5866612554926718e-06,5.411255411255371e-07,1.045535714290502e-06
-2.437402597421645e-06,1.3474025974025956e-06,1.0899999999952614e-06
-1.9284740259140065e-06,8.116883116883124e-07,1.1167857142876936e-06
-2.804913419918176e-06,1.6341991341991324e-06,1.170714285715635e-06
-5.301596320284041e-06,3.998917748917743e-06,1.3026785714229103e-06
-3.840459956716558e-06,2.456709956709956e-06,1.383750000000239e-06
1.5117803029429666e-06,-2.803030303030298e-06,1.2912500000003546e-06
3.4265638528263587e-06,-4.5670995670995625e-06,1.1405357142890704e-06
3.225119047656211e-06,-4.226190476190471e-06,1.0010714285718647e-06
5.443998917720183e-06,-6.23917748917748e-06,7.951785714194193e-07
5.2082954545285e-06,-5.811688311688304e-06,6.033928571513858e-07
4.164729437206027e-06,-4.615800865800859e-06,4.510714285699269e-07
-3.6163419914192485e-07,-8.65800865800864e-08,4.482142857142879e-07
-3.394053030236765e-06,2.851731601731596e-06,5.423214285774081e-07
-2.565838744583715e-06,1.9588744588744576e-06,6.069642857070567e-07
-6.934648268452914e-06,6.125541125541118e-06,8.09107142861476e-07
-8.059112554137382e-06,7.018398268398256e-06,1.0407142857146725e-06
-7.977689393923182e-06,6.715367965367956e-06,1.2623214285661932e-06
-9.965681818158156e-06,8.425324675324665e-06,1.5403571428582177e-06
-1.0266076839793303e-05,8.446969696969688e-06,1.8191071428572123e-06
-1.03603625540849e-05,8.268398268398257e-06,2.091964285716452e-06
-9.084837662320933e-06,6.769480519480511e-06,2.3153571428596864e-06
-1.0968409090872376e-05,8.376623376623368e-06,2.591785714281536e-06
-7.292830086602642e-06,4.550865800865791e-06,2.7419642857143267e-06
-5.184718614770212e-06,2.364718614718614e-06,2.8200000000006e-06
-1.6788977272697014e-05,1.3522727272727254e-05,3.266249999994697e-06
-2.2472895021663497e-05,1.859307359307356e-05,3.879821428569297e-06
-2.862039502171676e-05,2.395021645021642e-05,4.670178571433703e-06
-2.7890319264034517e-05,2.247835497835495e-05,5.411964285717552e-06
-2.5172002164453037e-05,1.9128787878787857e-05,6.043214285711418e-06
-3.105768939393183e-05,2.4215367965367904e-05,6.842321428571219e-06
-1.602081709961567e-05,8.885281385281375e-06,7.135535714283825e-06
-2.0847380952371264e-05,1.3273809523809513e-05,7.57357142856796e-06
-4.57297294372272e-05,3.693722943722935e-05,8.792500000000258e-06
-4.728963744593528e-05,3.726731601731595e-05,1.002232142856968e-05
-3.546721320341062e-05,2.4632034632034617e-05,1.0835178571429184e-05
-3.2441937228844253e-06,-7.348484848484832e-06,1.0592678571431924e-05
2.311956709954988e-05,-3.263528138528133e-05,9.515714285715515e-06
4.001574134193664e-05,-4.79491341991341e-05,7.933392857137345e-06
6.258227272726291e-05,-6.826298701298692e-05,5.680714285721811e-06
4.982626623373232e-05,-5.373376623376616e-05,3.907500000004116e-06
2.2890129870112297e-05,-2.5941558441558405e-05,3.0514285714253182e-06
1.3013733766276124e-05,-1.555194805194803e-05,2.5382142857174883e-06
9.988587662324022e-06,-1.2126623376623364e-05,2.1380357142844475e-06
1.07241558441884e-05,-1.245129870129868e-05,1.7271428571427605e-06
6.25512987012522e-06,-7.727272727272714e-06,1.4721428571451425e-06
4.760514069279687e-06,-6.033549783549776e-06,1.2730357142887172e-06
3.176466450260929e-06,-4.307359307359305e-06,1.130892857137411e-06
-2.461271645048946e-06,1.2878787878787834e-06,1.1733928571427963e-06
-3.15778138532119e-06,1.920995670995669e-06,1.236785714286981e-06
1.161249999992453e-06,-2.3214285714285698e-06,1.1601785714215884e-06
5.737667748861863e-06,-6.677489177489169e-06,9.398214285763484e-07
5.197808441548268e-06,-5.941558441558431e-06,7.437500000040398e-07
3.07969155849408e-06,-3.701298701298693e-06,6.216071428560843e-07
3.0061904762179736e-06,-3.511904761904756e-06,5.05714285711778e-07
2.4624837662856613e-06,-2.8733766233766195e-06,4.108928571347481e-07
1.528777056281072e-06,-1.8777056277056267e-06,3.4892857143226097e-07
5.622132034366345e-07,-8.820346320346314e-07,3.198214285765611e-07
7.869642857372128e-07,-1.07142857142857e-06,2.8446428571027305e-07
1.901158008632553e-06,-2.1158008658008622e-06,2.146428571409009e-07
7.300378787045148e-07,-9.145021645021629e-07,1.8446428571433643e-07
-5.173160168014945e-07,3.030303030303075e-07,2.142857143741517e-07
-9.821419548194932e-07,7.350288600288667e-07,2.471130953335399e-07
-1.5237220418740094e-06,1.2680375180375205e-06,2.556845238102512e-07
-2.0485091989930204e-06,1.7884199134199151e-06,2.6008928569881684e-07
-2.3067045452629387e-06,2.0454545454545474e-06,2.612499999804508e-07
